ID,habit,Dmax,M,alpha,kappa,slope,beta,zeta1
1,1,0.0003,0,0.7187,0.0739,3.6987,3.4187,0.0921
2,1,0.0005,0,0.6581,0.1209,3.6933,5.292,0.0746
3,1,0.0007,0,0.5955,0.1568,3.9405,11.8992,0.0416
4,1,0.0009,0,0.5898,0.1844,4.0143,18.6518,0.0256
5,1,0.0011,0,0.5714,0.201,4.0189,23.6588,0.0189
6,1,0.0013,0,0.5358,0.2342,3.8949,18.8434,0.0189
7,1,0.0015,0,0.4958,0.2121,3.8684,17.057,0.0201
8,1,0.0017,0,0.5401,0.1899,3.7101,19.5869,0.0191
9,2,0.0003,0,0.671,0.1015,3.8735,9.755,0.067
10,2,0.0005,0,0.6083,0.1457,3.9287,15.259,0.0415
11,2,0.0007,0,0.5928,0.1789,3.984,26.6382,0.0247
12,2,0.0009,0,0.5712,0.2038,3.7727,22.2662,0.0222
13,2,0.0011,0,0.5292,0.2148,3.7835,25.5284,0.0186
14,2,0.0013,0,0.5171,0.2204,3.4417,15.6728,0.0218
15,2,0.0015,0,0.4935,0.2286,3.4865,16.5652,0.0215
16,2,0.0017,0,0.4983,0.2397,3.2243,10.9423,0.022
17,2,0.0021,0,0.575,0.1678,2.3207,1.7158,0.0889
18,2,0.0027,0,0.5903,0.1899,2.0319,0.91,0.1305
19,3,0.0003,0,0.6746,0.0877,3.7113,10.3809,0.0341
20,3,0.0005,0,0.6348,0.1734,3.1002,4.2925,0.0505
21,3,0.0007,0,0.6256,0.1872,2.6451,2.3278,0.0772
22,3,0.0009,0,0.5924,0.1927,2.4574,1.5859,0.0833
23,3,0.0011,0,0.5644,0.2093,2.5334,2.1928,0.0567
24,3,0.0013,0,0.5443,0.2342,2.5492,2.2592,0.0539
25,3,0.0015,0,0.5513,0.2452,2.2737,1.2061,0.0818
26,3,0.0017,0,0.5723,0.2176,2.4674,2.4985,0.0684
27,3,0.0019,0,0.5578,0.2259,2.3144,1.2904,0.0814
28,3,0.0021,0,0.5922,0.2673,2.2298,2.1756,0.0545
29,3,0.0023,0,0.5915,0.2342,2.2256,1.3523,0.075
30,3,0.0029,0,0.5898,0.2369,2.4747,2.5011,0.0477
31,4,0.0003,0,0.6803,0.0711,3.6843,6.4898,0.0521
32,4,0.0005,0,0.6349,0.0711,3.2563,5.4689,0.0518
33,4,0.0007,0,0.6387,0.1098,3.0977,4.4071,0.0616
34,4,0.0009,0,0.6215,0.1236,2.8316,2.8593,0.0804
35,4,0.0011,0,0.5762,0.1706,2.888,3.1212,0.0584
36,4,0.0013,0,0.5503,0.1872,2.6884,2.1752,0.0753
37,4,0.0015,0,0.5304,0.1955,2.5865,1.6437,0.0779
38,4,0.0017,0,0.5245,0.2121,2.7666,2.3885,0.0634
39,5,0.0003,0,0.702,0.1015,3.9428,16.017,0.0214
40,5,0.0005,0,0.6726,0.1457,3.5594,8.7733,0.021
41,5,0.0007,0,0.6594,0.1595,3.2576,6.1877,0.0285
42,5,0.0009,0,0.6262,0.1927,3.1264,4.9672,0.0253
43,5,0.0011,0,0.6065,0.1955,2.9766,4.3034,0.0312
44,5,0.0013,0,0.5859,0.1955,2.7633,2.6066,0.0464
45,5,0.0015,0,0.5412,0.2065,2.5954,1.7393,0.0503
46,5,0.0017,0,0.5341,0.1982,2.5378,1.6486,0.0575
47,1,0.0005,0.0129,0.6445,0.1595,3.7647,5.3511,0.0643
48,1,0.0007,0.0129,0.5867,0.2038,3.7888,6.5578,0.0436
49,1,0.0009,0.0129,0.59,0.2093,3.8948,11.7393,0.0287
50,1,0.0011,0.0129,0.569,0.2286,3.9183,15.8026,0.0222
51,1,0.0013,0.0129,0.5136,0.2397,3.7625,10.1065,0.0257
52,1,0.0015,0.0129,0.4516,0.259,3.7525,8.4007,0.0273
53,1,0.0017,0.0129,0.4722,0.2535,4.0811,21.1138,0.0233
54,1,0.0019,0.0129,0.4742,0.3005,3.8722,13.4279,0.0158
55,1,0.0023,0.0129,0.6042,0.1651,2.9525,4.3081,0.0472
56,1,0.0025,0.0129,0.637,0.1927,2.7919,2.8438,0.0602
57,1,0.0027,0.0129,0.5825,0.2397,2.8587,3.313,0.036
58,1,0.0029,0.0129,0.584,0.1651,2.4897,1.5187,0.0534
59,1,0.0031,0.0129,0.6074,0.1899,2.5958,2.2732,0.0401
60,1,0.0033,0.0129,0.5563,0.2618,3.0672,6.0636,0.0255
61,1,0.0035,0.0129,0.6233,0.1899,2.3032,1.0012,0.0774
62,1,0.0037,0.0129,0.5379,0.2369,2.6319,1.9577,0.0643
63,1,0.0039,0.0129,0.549,0.2259,2.7095,2.0775,0.0427
64,1,0.0041,0.0129,0.5701,0.2618,2.4382,1.469,0.0562
65,1,0.0043,0.0129,0.5828,0.1817,2.4622,1.696,0.0853
66,1,0.0045,0.0129,0.4621,0.143,3.2501,6.5969,0.0436
67,1,0.0047,0.0129,0.5916,0.1844,1.7956,0.2472,0.212
68,1,0.0049,0.0129,0.5644,0.2038,2.9228,5.1476,0.0467
69,1,0.0055,0.0129,0.5813,0.2093,2.3001,1.2581,0.0324
70,1,0.0061,0.0129,0.4954,0.1623,2.4336,1.0121,0.0826
71,1,0.0073,0.0129,0.6453,0.1568,2.2509,0.8586,0.2037
72,2,0.0003,0.0129,0.6483,0.1678,3.8418,7.9785,0.0501
73,2,0.0005,0.0129,0.6063,0.2121,3.9321,13.432,0.0359
74,2,0.0007,0.0129,0.5871,0.2369,3.8835,17.7631,0.0223
75,2,0.0009,0.0129,0.5627,0.2342,3.7618,15.8,0.0229
76,2,0.0011,0.0129,0.5387,0.2286,3.764,20.0802,0.0194
77,2,0.0013,0.0129,0.5018,0.2646,3.2886,7.9493,0.0293
78,2,0.0015,0.0129,0.4296,0.3143,3.4718,8.7981,0.0215
79,2,0.0017,0.0129,0.4958,0.2894,3.8719,39.4315,0.0063
80,2,0.0019,0.0129,0.5164,0.1264,2.9905,4.9191,0.065
81,2,0.0021,0.0129,0.5674,0.1706,2.7121,3.5048,0.0552
82,2,0.0023,0.0129,0.6008,0.2231,2.7144,3.7628,0.0511
83,2,0.0025,0.0129,0.5794,0.2342,2.6491,3.0315,0.0591
84,2,0.0027,0.0129,0.5756,0.2038,2.5002,2.0037,0.0807
85,2,0.0029,0.0129,0.5804,0.1872,2.3686,1.3473,0.1013
86,2,0.0031,0.0129,0.5695,0.1761,2.351,1.3316,0.1056
87,2,0.0033,0.0129,0.5883,0.201,2.6614,2.8614,0.0368
88,2,0.0035,0.0129,0.5413,0.1872,2.5819,2.0003,0.0594
89,2,0.0037,0.0129,0.56,0.201,1.9877,0.4965,0.0603
90,2,0.0039,0.0129,0.5644,0.2286,2.2995,1.1664,0.0493
91,2,0.0041,0.0129,0.4794,0.2508,2.4334,0.9359,0.0796
92,2,0.0043,0.0129,0.5562,0.1872,2.4662,2.0738,0.0778
93,2,0.0045,0.0129,0.4631,0.1236,2.665,2.2289,0.1503
94,2,0.0055,0.0129,0.4987,0.2369,1.9964,0.4101,0.0629
95,2,0.0061,0.0129,0.644,0.2452,1.7819,0.4072,0.0453
96,2,0.0063,0.0129,0.5265,0.1817,1.9973,0.4455,0.1529
97,2,0.0065,0.0129,0.5269,0.1485,2.0449,0.634,0.1545
98,2,0.0067,0.0129,0.5054,0.1872,2.3643,1.0885,0.0756
99,2,0.0071,0.0129,0.6184,0.2204,2.6696,3.8149,0.0389
100,3,0.0005,0.0129,0.648,0.201,3.0438,3.2627,0.0493
101,3,0.0007,0.0129,0.6374,0.2121,2.5861,1.4212,0.0799
102,3,0.0009,0.0129,0.5958,0.2038,2.4004,1.0709,0.0972
103,3,0.0011,0.0129,0.5792,0.2148,2.613,2.1082,0.0536
104,3,0.0013,0.0129,0.5359,0.2452,2.5455,1.4161,0.0656
105,3,0.0015,0.0129,0.5144,0.2673,2.7287,2.8089,0.0325
106,3,0.0017,0.0129,0.4511,0.2563,2.9127,2.2955,0.0344
107,3,0.0019,0.0129,0.5082,0.2369,2.7217,3.3044,0.0421
108,3,0.0021,0.0129,0.5711,0.2397,2.7554,4.3574,0.0292
109,3,0.0023,0.0129,0.587,0.2176,2.3572,1.5465,0.0809
110,3,0.0025,0.0129,0.5662,0.2038,2.4571,1.2854,0.0766
111,3,0.0027,0.0129,0.5816,0.2204,2.6821,2.6547,0.0547
112,3,0.0029,0.0129,0.5839,0.2176,2.7284,3.8909,0.039
113,3,0.0031,0.0129,0.5864,0.154,2.4845,1.5344,0.0792
114,3,0.0035,0.0129,0.5653,0.1817,2.173,0.809,0.0608
115,3,0.0037,0.0129,0.6055,0.1955,2.3309,1.0994,0.0926
116,3,0.0039,0.0129,0.5931,0.2231,2.7687,2.7826,0.063
117,3,0.0041,0.0129,0.5477,0.1734,2.4452,1.5748,0.0774
118,3,0.0069,0.0129,0.627,0.2369,2.3774,0.9167,0.1489
119,4,0.0003,0.0129,0.7126,0.107,3.6046,4.8006,0.0373
120,4,0.0005,0.0129,0.6286,0.1264,3.2566,5.0143,0.0438
121,4,0.0007,0.0129,0.6407,0.1513,3.0856,4.2973,0.0515
122,4,0.0009,0.0129,0.6028,0.1678,2.8128,2.3604,0.0648
123,4,0.0011,0.0129,0.5812,0.1844,2.8855,2.925,0.0449
124,4,0.0013,0.0129,0.5389,0.2231,2.726,1.9242,0.0788
125,4,0.0015,0.0129,0.5142,0.2204,2.5366,1.4215,0.0978
126,4,0.0017,0.0129,0.4119,0.2452,2.8252,1.7456,0.0371
127,4,0.0019,0.0129,0.4845,0.1899,2.6936,1.1592,0.024
128,4,0.0023,0.0129,0.641,0.248,2.5495,3.4752,0.0449
129,4,0.0025,0.0129,0.6533,0.1899,2.4238,1.3909,0.0771
130,4,0.0027,0.0129,0.6046,0.1844,2.351,0.9552,0.081
131,4,0.0029,0.0129,0.6098,0.1706,2.2053,0.7391,0.0893
132,4,0.0031,0.0129,0.6236,0.2093,2.409,1.1679,0.076
133,4,0.0033,0.0129,0.6184,0.1955,2.5039,1.5811,0.0388
134,4,0.0035,0.0129,0.6214,0.1817,2.4574,1.3413,0.0856
135,4,0.0037,0.0129,0.6383,0.1927,2.3851,1.4186,0.0778
136,4,0.0039,0.0129,0.5764,0.2535,2.6466,1.8986,0.0459
137,4,0.0041,0.0129,0.5142,0.2535,2.4522,0.9972,0.061
138,4,0.0043,0.0129,0.4821,0.2563,2.374,0.7763,0.0685
139,4,0.0045,0.0129,0.4967,0.2812,2.5628,1.48,0.0762
140,4,0.0067,0.0129,0.6319,0.2176,1.9934,0.5593,0.0961
141,4,0.0073,0.0129,0.6887,0.1734,1.9129,0.5784,0.0915
142,4,0.0089,0.0129,0.5572,0.0987,2.0037,0.6862,0.2853
143,5,0.0003,0.0129,0.7113,0.1209,3.7918,14.4368,0.0153
144,5,0.0005,0.0129,0.6806,0.1899,3.4796,6.605,0.0224
145,5,0.0007,0.0129,0.6518,0.201,3.2143,4.748,0.0267
146,5,0.0009,0.0129,0.6251,0.2093,3.1657,4.3018,0.0278
147,5,0.0011,0.0129,0.6137,0.2065,3.0347,3.8675,0.0316
148,5,0.0013,0.0129,0.598,0.2093,2.9021,2.902,0.0412
149,5,0.0015,0.0129,0.5688,0.1982,2.7064,1.7545,0.0594
150,5,0.0017,0.0129,0.5091,0.2535,2.9629,3.042,0.0424
151,5,0.0019,0.0129,0.4675,0.2894,2.6301,1.0296,0.0415
152,5,0.0021,0.0129,0.6011,0.1651,2.4409,1.1727,0.1022
153,5,0.0025,0.0129,0.6335,0.201,2.5435,1.987,0.065
154,5,0.0027,0.0129,0.5597,0.2286,2.6788,2.3879,0.0501
155,5,0.0029,0.0129,0.6179,0.1899,2.4562,1.6061,0.0757
156,5,0.0031,0.0129,0.6109,0.2121,2.2669,1.091,0.0812
157,5,0.0033,0.0129,0.5824,0.248,2.3123,0.922,0.0879
158,5,0.0035,0.0129,0.632,0.1817,2.5409,2.4347,0.069
159,5,0.0037,0.0129,0.5846,0.2204,2.2755,0.9494,0.079
160,5,0.0039,0.0129,0.5485,0.1734,2.3514,0.8817,0.0552
161,5,0.0041,0.0129,0.5644,0.2065,2.0569,0.4585,0.1277
162,5,0.0043,0.0129,0.6007,0.1761,2.4448,1.1553,0.0908
163,5,0.0045,0.0129,0.5897,0.2231,2.4444,0.993,0.0738
164,5,0.0047,0.0129,0.5809,0.1209,2.4413,1.0327,0.1732
165,5,0.0049,0.0129,0.5746,0.1209,2.196,0.8657,0.1155
166,5,0.0051,0.0129,0.613,0.1291,2.4559,1.5144,0.1551
167,5,0.0053,0.0129,0.4972,0.3005,2.8976,4.1638,0.0219
168,5,0.0071,0.0129,0.5449,0.1844,1.4865,0.1219,0.2102
169,5,0.0079,0.0129,0.6511,0.1015,2.6223,1.8467,0.1743
170,5,0.0097,0.0129,0.511,0.1347,1.7745,0.1859,0.3139
171,1,0.0003,0.0205,0.7283,0.1264,3.5872,2.2672,0.0885
172,1,0.0005,0.0205,0.6525,0.1678,3.711,4.6303,0.0629
173,1,0.0007,0.0205,0.589,0.2065,3.7265,5.6432,0.0493
174,1,0.0009,0.0205,0.6026,0.2121,3.8482,10.5642,0.0305
175,1,0.0011,0.0205,0.592,0.2286,3.7859,11.8302,0.0266
176,1,0.0013,0.0205,0.5436,0.2259,3.6618,8.3927,0.0284
177,1,0.0015,0.0205,0.4788,0.259,3.6074,5.5131,0.0289
178,1,0.0017,0.0205,0.5064,0.2314,3.8085,11.7451,0.0279
179,1,0.0019,0.0205,0.4851,0.3116,3.847,14.6336,0.0173
180,1,0.0021,0.0205,0.6154,0.1651,3.21,6.0873,0.0236
181,1,0.0023,0.0205,0.5963,0.1623,3.0695,4.7169,0.043
182,1,0.0025,0.0205,0.6505,0.1706,2.9422,3.8969,0.0474
183,1,0.0027,0.0205,0.5955,0.248,2.9624,3.6862,0.0361
184,1,0.0029,0.0205,0.5959,0.1844,2.7407,2.5097,0.0439
185,1,0.0031,0.0205,0.6162,0.1844,2.702,2.7942,0.0372
186,1,0.0033,0.0205,0.5688,0.2508,2.9917,4.5111,0.0305
187,1,0.0035,0.0205,0.632,0.2038,2.4942,1.4622,0.0573
188,1,0.0037,0.0205,0.551,0.2204,2.7434,2.4038,0.0626
189,1,0.0039,0.0205,0.5594,0.2314,2.7978,2.1912,0.0388
190,1,0.0041,0.0205,0.5896,0.2563,2.4362,1.1488,0.0559
191,1,0.0043,0.0205,0.5808,0.1789,2.7326,2.9818,0.0629
192,1,0.0045,0.0205,0.4739,0.1651,3.1795,4.6353,0.0492
193,1,0.0047,0.0205,0.5911,0.2231,2.0438,0.3454,0.0649
194,1,0.0049,0.0205,0.5904,0.1651,2.7656,3.5883,0.0643
195,1,0.0053,0.0205,0.5614,0.248,2.6375,2.4275,0.0088
196,1,0.0055,0.0205,0.5603,0.2065,2.4786,1.6295,0.0375
197,1,0.0057,0.0205,0.5635,0.1872,2.6919,2.5987,0.0307
198,1,0.0061,0.0205,0.475,0.1761,2.5285,1.011,0.0712
199,1,0.0065,0.0205,0.6228,0.1568,2.191,0.7337,0.1701
200,1,0.0069,0.0205,0.7323,0.1319,1.7741,0.4275,0.0577
201,1,0.0071,0.0205,0.6844,0.2756,1.4447,0.0961,0.1401
202,1,0.0073,0.0205,0.6339,0.2369,2.2072,0.6151,0.1395
203,1,0.0075,0.0205,0.6389,0.1153,2.8722,7.4495,0.0759
204,1,0.0077,0.0205,0.5015,0.248,2.2341,0.5914,0.0379
205,1,0.0097,0.0205,0.5095,0.2314,2.6514,1.691,0.0216
206,2,0.0003,0.0205,0.6603,0.1623,3.8423,8.2815,0.0598
207,2,0.0005,0.0205,0.6047,0.2176,3.8554,10.4155,0.0378
208,2,0.0007,0.0205,0.598,0.2369,3.8279,15.3693,0.0246
209,2,0.0009,0.0205,0.5873,0.2259,3.6882,13.3839,0.0251
210,2,0.0011,0.0205,0.554,0.2397,3.706,15.7816,0.0213
211,2,0.0013,0.0205,0.5185,0.2618,3.3628,7.9281,0.0284
212,2,0.0015,0.0205,0.4683,0.2977,3.729,16.7244,0.0157
213,2,0.0017,0.0205,0.4905,0.2646,3.6129,15.3798,0.0124
214,2,0.0019,0.0205,0.5373,0.1402,2.964,4.0705,0.072
215,2,0.0021,0.0205,0.5705,0.1623,2.8279,4.0086,0.0521
216,2,0.0023,0.0205,0.5961,0.2314,2.8966,4.9456,0.0414
217,2,0.0025,0.0205,0.5975,0.2121,2.664,2.8554,0.0627
218,2,0.0027,0.0205,0.5797,0.2148,2.7259,2.9019,0.0636
219,2,0.0029,0.0205,0.5849,0.1817,2.4538,1.3941,0.0918
220,2,0.0031,0.0205,0.5669,0.1817,2.5378,1.7841,0.0817
221,2,0.0033,0.0205,0.5963,0.2065,2.7801,3.2634,0.0327
222,2,0.0035,0.0205,0.5666,0.1927,2.7535,2.5783,0.0464
223,2,0.0037,0.0205,0.5754,0.2038,2.2155,0.844,0.0571
224,2,0.0039,0.0205,0.5806,0.1955,2.4308,1.3968,0.0521
225,2,0.0041,0.0205,0.4655,0.2563,2.5419,0.9549,0.068
226,2,0.0043,0.0205,0.5672,0.1789,2.6279,2.7086,0.072
227,2,0.0045,0.0205,0.4726,0.1347,2.7828,2.4442,0.1409
228,2,0.0049,0.0205,0.5477,0.2121,2.5584,1.8813,0.0196
229,2,0.0051,0.0205,0.5295,0.295,2.4873,1.3451,0.0283
230,2,0.0055,0.0205,0.5133,0.2673,2.0385,0.4049,0.0631
231,2,0.0057,0.0205,0.5858,0.2314,1.67,0.2301,0.1081
232,2,0.0061,0.0205,0.6408,0.2535,1.7844,0.328,0.0295
233,2,0.0063,0.0205,0.5707,0.1706,2.1913,0.7295,0.0861
234,2,0.0065,0.0205,0.5265,0.1595,2.1516,0.7041,0.141
235,2,0.0067,0.0205,0.5285,0.1817,2.3772,1.1378,0.0817
236,2,0.0069,0.0205,0.5078,0.201,2.0273,0.3786,0.0187
237,2,0.0071,0.0205,0.6182,0.1955,2.8029,4.8558,0.0339
238,3,0.0003,0.0205,0.6849,0.1264,3.5322,6.8732,0.0406
239,3,0.0005,0.0205,0.6426,0.1899,3.0721,3.3877,0.0487
240,3,0.0007,0.0205,0.6402,0.2038,2.6038,1.4692,0.0714
241,3,0.0009,0.0205,0.6051,0.2065,2.4213,1.072,0.1056
242,3,0.0011,0.0205,0.5995,0.2286,2.5665,1.5636,0.0595
243,3,0.0013,0.0205,0.5305,0.2425,2.5149,1.0979,0.0809
244,3,0.0015,0.0205,0.5453,0.2673,2.9106,5.088,0.0304
245,3,0.0017,0.0205,0.5121,0.2563,3.0078,3.153,0.0387
246,3,0.0019,0.0205,0.5166,0.2342,2.8493,3.1575,0.0418
247,3,0.0021,0.0205,0.568,0.2369,2.9155,5.5974,0.0241
248,3,0.0023,0.0205,0.6116,0.2176,2.4982,1.7874,0.0718
249,3,0.0025,0.0205,0.5632,0.2065,2.6263,1.735,0.0708
250,3,0.0027,0.0205,0.598,0.2065,2.768,2.8441,0.0481
251,3,0.0029,0.0205,0.5893,0.2038,2.8332,4.9615,0.0328
252,3,0.0031,0.0205,0.5866,0.1651,2.5722,1.694,0.085
253,3,0.0033,0.0205,0.6251,0.1595,2.2157,0.8652,0.0886
254,3,0.0035,0.0205,0.5651,0.1789,2.3574,1.2788,0.0349
255,3,0.0037,0.0205,0.626,0.1623,2.4134,1.3276,0.0803
256,3,0.0039,0.0205,0.5812,0.2259,2.7858,2.6228,0.0616
257,3,0.0041,0.0205,0.564,0.1872,2.5118,1.6562,0.0695
258,3,0.0045,0.0205,0.5751,0.1706,2.1802,0.7098,0.1154
259,3,0.0051,0.0205,0.6314,0.1927,2.0299,0.4964,0.2063
260,3,0.0055,0.0205,0.6192,0.2618,1.8576,0.1709,0.1965
261,3,0.0059,0.0205,0.696,0.0794,1.9268,0.2588,0.291
262,3,0.0067,0.0205,0.5507,0.1347,1.8733,0.2984,0.1077
263,3,0.0069,0.0205,0.6354,0.2646,2.4424,1.0155,0.1127
264,3,0.0071,0.0205,0.6885,0.0711,1.5538,0.22,0.1812
265,3,0.0075,0.0205,0.5425,0.2342,3.7266,23.7769,0.0101
266,3,0.0077,0.0205,0.6131,0.143,2.094,0.325,0.1176
267,3,0.0087,0.0205,0.5138,0.259,1.8804,0.2197,0.0469
268,4,0.0003,0.0205,0.7093,0.096,3.6961,6.0932,0.0377
269,4,0.0005,0.0205,0.6369,0.1291,3.2523,4.7178,0.0436
270,4,0.0007,0.0205,0.6479,0.1595,3.1022,4.3509,0.0478
271,4,0.0009,0.0205,0.6235,0.1734,2.8832,2.6293,0.0619
272,4,0.0011,0.0205,0.597,0.1844,2.8837,2.812,0.0526
273,4,0.0013,0.0205,0.5608,0.2148,2.8013,1.9871,0.0764
274,4,0.0015,0.0205,0.541,0.2342,2.6422,1.6882,0.0783
275,4,0.0017,0.0205,0.4699,0.2756,2.8036,1.9475,0.0396
276,4,0.0019,0.0205,0.5137,0.201,2.5637,1.0335,0.0372
277,4,0.0021,0.0205,0.4832,0.1982,2.5579,0.9193,0.0257
278,4,0.0023,0.0205,0.6522,0.2452,2.6001,3.4589,0.0378
279,4,0.0025,0.0205,0.6622,0.1899,2.4291,1.3613,0.0772
280,4,0.0027,0.0205,0.6195,0.1899,2.4078,1.0085,0.079
281,4,0.0029,0.0205,0.6074,0.1651,2.2638,0.746,0.0811
282,4,0.0031,0.0205,0.6245,0.1899,2.4984,1.3625,0.0658
283,4,0.0033,0.0205,0.6198,0.1982,2.5349,1.5241,0.0454
284,4,0.0035,0.0205,0.6282,0.1568,2.3941,1.0139,0.0897
285,4,0.0037,0.0205,0.655,0.1927,2.5371,1.9729,0.0703
286,4,0.0039,0.0205,0.5859,0.2204,2.4673,1.1039,0.0545
287,4,0.0041,0.0205,0.5184,0.2563,2.7579,1.9581,0.0447
288,4,0.0043,0.0205,0.4854,0.2701,2.4643,0.8562,0.0633
289,4,0.0045,0.0205,0.5084,0.2729,2.6942,1.9959,0.0612
290,4,0.0049,0.0205,0.5102,0.248,2.3845,0.9643,0.1545
291,4,0.0057,0.0205,0.5723,0.1264,2.7971,2.3849,0.0795
292,4,0.0067,0.0205,0.6407,0.2204,1.9853,0.5359,0.0812
293,4,0.0073,0.0205,0.6853,0.1678,2.0272,0.6849,0.0838
294,4,0.0077,0.0205,0.5871,0.2508,2.7379,2.7092,0.0681
295,4,0.0089,0.0205,0.5904,0.1264,2.0799,0.9567,0.2779
296,4,0.0097,0.0205,0.5589,0.0545,1.5946,0.1171,0.0906
297,5,0.0003,0.0205,0.6958,0.1264,3.8259,12.7609,0.0196
298,5,0.0005,0.0205,0.6905,0.1955,3.3643,4.8796,0.0257
299,5,0.0007,0.0205,0.6609,0.2038,3.2146,4.6251,0.0273
300,5,0.0009,0.0205,0.6326,0.2121,3.0994,3.596,0.0318
301,5,0.0011,0.0205,0.6168,0.2121,3.0593,3.8012,0.0297
302,5,0.0013,0.0205,0.6008,0.2065,2.9564,2.8554,0.0424
303,5,0.0015,0.0205,0.5744,0.2121,2.9082,2.5054,0.0521
304,5,0.0017,0.0205,0.5114,0.2563,2.9982,2.8657,0.0412
305,5,0.0019,0.0205,0.4981,0.3033,2.6974,1.1422,0.0321
306,5,0.0021,0.0205,0.6018,0.1817,2.511,1.2473,0.0941
307,5,0.0023,0.0205,0.6675,0.1347,2.3305,0.9145,0.1219
308,5,0.0025,0.0205,0.6613,0.1927,2.5355,1.8145,0.0563
309,5,0.0027,0.0205,0.5686,0.2148,2.7635,2.5983,0.0512
310,5,0.0029,0.0205,0.6134,0.1927,2.669,2.2554,0.0667
311,5,0.0031,0.0205,0.6214,0.2093,2.4492,1.6108,0.0677
312,5,0.0033,0.0205,0.5857,0.2342,2.4969,1.244,0.0666
313,5,0.0035,0.0205,0.6557,0.1844,2.634,2.82,0.0585
314,5,0.0037,0.0205,0.5652,0.1982,2.2897,0.9086,0.0789
315,5,0.0039,0.0205,0.5761,0.1844,2.6656,1.9044,0.0551
316,5,0.0041,0.0205,0.5734,0.201,2.192,0.6034,0.1012
317,5,0.0043,0.0205,0.603,0.1789,2.4318,1.0014,0.1029
318,5,0.0045,0.0205,0.5962,0.2204,2.5407,1.1491,0.0667
319,5,0.0047,0.0205,0.5921,0.1209,2.7611,1.9553,0.1362
320,5,0.0049,0.0205,0.5803,0.1264,2.1989,0.8078,0.0993
321,5,0.0051,0.0205,0.6057,0.1291,2.5048,1.4959,0.1526
322,5,0.0053,0.0205,0.5278,0.2618,3.0483,5.748,0.0209
323,5,0.0055,0.0205,0.5174,0.2894,2.7306,1.8446,0.0487
324,5,0.0061,0.0205,0.5934,0.2176,2.3214,1.0396,0.0787
325,5,0.0065,0.0205,0.6026,0.2093,2.1874,0.5626,0.0624
326,5,0.0071,0.0205,0.5802,0.1595,1.3447,0.0728,0.2941
327,5,0.0075,0.0205,0.7076,0.0849,2.0134,0.4826,0.1605
328,5,0.0079,0.0205,0.6588,0.1015,2.7265,2.1889,0.1575
329,5,0.0085,0.0205,0.6661,0.1623,1.7064,0.2449,0.2602
330,5,0.0087,0.0205,0.652,0.1623,0.8028,0.0174,0.2673
331,5,0.0091,0.0205,0.5273,0.2038,2.6754,1.9825,0.0333
332,5,0.0097,0.0205,0.5159,0.107,1.7587,0.1511,0.3973
333,5,0.0099,0.0205,0.4979,0.1126,2.3326,0.5258,0.1019
334,1,0.0003,0.0324,0.7525,0.1126,3.6141,2.766,0.0928
335,1,0.0005,0.0324,0.6575,0.1706,3.6246,3.6697,0.0709
336,1,0.0007,0.0324,0.5989,0.2065,3.6549,4.8163,0.0522
337,1,0.0009,0.0324,0.6114,0.2148,3.7436,7.8715,0.0355
338,1,0.0011,0.0324,0.5986,0.2259,3.6847,8.8237,0.0313
339,1,0.0013,0.0324,0.5579,0.2314,3.5422,5.9443,0.0353
340,1,0.0015,0.0324,0.5297,0.2425,3.4636,4.2152,0.0351
341,1,0.0017,0.0324,0.5325,0.2121,3.6181,7.5462,0.0316
342,1,0.0019,0.0324,0.518,0.2535,3.2606,2.9439,0.0538
343,1,0.0021,0.0324,0.6379,0.154,3.3796,8.0715,0.021
344,1,0.0023,0.0324,0.6018,0.1761,3.1744,5.0263,0.0385
345,1,0.0025,0.0324,0.6448,0.1568,3.0478,4.2103,0.0447
346,1,0.0027,0.0324,0.6045,0.2508,3.0736,3.7626,0.0382
347,1,0.0029,0.0324,0.6132,0.1927,2.9446,3.5107,0.0407
348,1,0.0031,0.0324,0.6272,0.1651,2.8421,3.4613,0.0308
349,1,0.0033,0.0324,0.5784,0.2397,3.0159,4.0565,0.0296
350,1,0.0035,0.0324,0.6434,0.2065,2.6444,1.7608,0.0535
351,1,0.0037,0.0324,0.5601,0.2176,2.8488,2.5856,0.0579
352,1,0.0039,0.0324,0.561,0.2314,3.1062,3.8382,0.0294
353,1,0.0041,0.0324,0.5998,0.259,2.6463,1.7185,0.0468
354,1,0.0043,0.0324,0.5826,0.1899,2.9363,3.5629,0.0533
355,1,0.0045,0.0324,0.5268,0.1734,2.966,2.8233,0.055
356,1,0.0047,0.0324,0.53,0.201,2.9167,1.9733,0.0563
357,1,0.0049,0.0324,0.6108,0.1374,2.5529,1.7904,0.0733
358,1,0.0051,0.0324,0.5088,0.2618,3.4564,8.2293,0.027
359,1,0.0053,0.0324,0.5791,0.2342,2.7555,2.5168,0.0117
360,1,0.0055,0.0324,0.5262,0.248,2.7155,1.6742,0.04
361,1,0.0057,0.0324,0.602,0.1734,2.7956,3.3422,0.0234
362,1,0.0061,0.0324,0.5055,0.2314,2.8215,2.0143,0.0326
363,1,0.0063,0.0324,0.5527,0.1319,2.3325,0.7078,0.1761
364,1,0.0065,0.0324,0.6419,0.1817,2.5126,1.468,0.1195
365,1,0.0069,0.0324,0.7155,0.1098,2.126,0.8235,0.0363
366,1,0.0071,0.0324,0.7226,0.2535,1.6813,0.1714,0.117
367,1,0.0073,0.0324,0.6367,0.2646,2.3196,0.6973,0.076
368,1,0.0075,0.0324,0.6459,0.1126,2.9366,6.5861,0.0735
369,1,0.0077,0.0324,0.5116,0.2397,2.7085,1.4015,0.0252
370,1,0.0097,0.0324,0.5467,0.2176,2.7413,2.3435,0.0211
371,2,0.0003,0.0324,0.6865,0.1623,3.8901,9.5741,0.0545
372,2,0.0005,0.0324,0.6102,0.2121,3.7626,8.1622,0.0416
373,2,0.0007,0.0324,0.5934,0.2508,3.7445,11.374,0.0301
374,2,0.0009,0.0324,0.6019,0.2369,3.6383,11.0949,0.0269
375,2,0.0011,0.0324,0.577,0.2452,3.6237,11.3886,0.0233
376,2,0.0013,0.0324,0.566,0.2701,3.3896,7.7497,0.0246
377,2,0.0015,0.0324,0.5126,0.2535,3.6113,12.6421,0.0197
378,2,0.0017,0.0324,0.4978,0.2812,3.5046,10.7639,0.022
379,2,0.0019,0.0324,0.5459,0.1485,3.1019,4.3559,0.0666
380,2,0.0021,0.0324,0.5846,0.1651,2.8741,3.5006,0.0485
381,2,0.0023,0.0324,0.5957,0.2286,3.0865,6.2604,0.0405
382,2,0.0025,0.0324,0.6162,0.2176,2.7695,3.1336,0.0579
383,2,0.0027,0.0324,0.582,0.2259,2.9122,3.6115,0.0479
384,2,0.0029,0.0324,0.5994,0.1706,2.6685,2.0466,0.0842
385,2,0.0031,0.0324,0.591,0.1706,2.7284,2.3961,0.0652
386,2,0.0033,0.0324,0.5959,0.2121,2.9259,3.9582,0.0252
387,2,0.0035,0.0324,0.5991,0.1734,2.8437,2.7767,0.0376
388,2,0.0037,0.0324,0.549,0.2314,2.5536,1.4479,0.0488
389,2,0.0039,0.0324,0.572,0.1955,2.6495,1.8537,0.0417
390,2,0.0041,0.0324,0.4891,0.2563,2.7855,1.4853,0.0486
391,2,0.0043,0.0324,0.5643,0.2121,2.7846,3.1064,0.0412
392,2,0.0045,0.0324,0.5053,0.0822,2.8694,2.8001,0.1451
393,2,0.0047,0.0324,0.4783,0.3226,2.751,1.0063,0.0273
394,2,0.0049,0.0324,0.5446,0.2535,3.1107,5.3693,0.0213
395,2,0.0053,0.0324,0.5829,0.2038,2.4051,0.9717,0.0863
396,2,0.0055,0.0324,0.5585,0.2563,2.0316,0.3408,0.0519
397,2,0.0057,0.0324,0.5467,0.2397,2.0013,0.3739,0.0742
398,2,0.0061,0.0324,0.5764,0.2563,1.9298,0.1997,0.0504
399,2,0.0063,0.0324,0.6454,0.2065,2.1617,0.8606,0.0498
400,2,0.0065,0.0324,0.5405,0.1789,2.4541,1.0538,0.1033
401,2,0.0067,0.0324,0.5747,0.154,2.3669,1.3046,0.0747
402,2,0.0069,0.0324,0.4789,0.1955,2.3606,0.6014,0.0432
403,2,0.0071,0.0324,0.599,0.1347,2.4051,1.3161,0.0352
404,2,0.0073,0.0324,0.6271,0.2756,3.3157,11.6831,0.0172
405,2,0.0079,0.0324,0.5432,0.1126,3.1195,4.3104,0.0448
406,2,0.0083,0.0324,0.4953,0.1678,2.1416,0.3475,0.0475
407,3,0.0003,0.0324,0.6926,0.1126,3.4464,5.4927,0.0473
408,3,0.0005,0.0324,0.6528,0.1899,3.0399,2.7848,0.0496
409,3,0.0007,0.0324,0.6503,0.2093,2.6437,1.5721,0.0666
410,3,0.0009,0.0324,0.6182,0.2204,2.5552,1.4199,0.0906
411,3,0.0011,0.0324,0.5995,0.2204,2.7095,1.9545,0.0543
412,3,0.0013,0.0324,0.5535,0.2397,2.5336,1.0003,0.0796
413,3,0.0015,0.0324,0.6143,0.2425,2.7048,2.944,0.0357
414,3,0.0017,0.0324,0.5303,0.1872,2.5398,1.1092,0.1164
415,3,0.0019,0.0324,0.5324,0.2397,2.8095,2.4258,0.0465
416,3,0.0021,0.0324,0.581,0.2369,3.1106,6.6915,0.0231
417,3,0.0023,0.0324,0.6022,0.2314,2.6169,1.911,0.064
418,3,0.0025,0.0324,0.5899,0.201,2.6473,1.8832,0.0635
419,3,0.0027,0.0324,0.6046,0.1899,2.853,2.7461,0.0492
420,3,0.0029,0.0324,0.5953,0.2065,3.1171,7.8824,0.0266
421,3,0.0031,0.0324,0.5934,0.1651,2.7496,2.3367,0.0739
422,3,0.0033,0.0324,0.6137,0.143,2.3661,0.8502,0.0764
423,3,0.0035,0.0324,0.5731,0.1872,2.6364,2.3361,0.0281
424,3,0.0037,0.0324,0.634,0.1623,2.48,1.3659,0.0663
425,3,0.0039,0.0324,0.5629,0.2259,2.9871,3.4078,0.0505
426,3,0.0041,0.0324,0.5916,0.1817,2.7568,2.4606,0.0611
427,3,0.0043,0.0324,0.6089,0.1651,3.2863,8.5218,0.037
428,3,0.0045,0.0324,0.6155,0.1513,2.3279,1.104,0.1391
429,3,0.0047,0.0324,0.5879,0.1844,2.5611,0.9803,0.0367
430,3,0.0051,0.0324,0.6351,0.1899,2.2206,0.6702,0.1909
431,3,0.0053,0.0324,0.7295,0.1734,2.581,2.8868,0.0711
432,3,0.0055,0.0324,0.6727,0.2342,1.5736,0.1039,0.3615
433,3,0.0057,0.0324,0.5382,0.2701,1.8625,0.1303,0.0361
434,3,0.0059,0.0324,0.6991,0.0739,1.9534,0.2708,0.2648
435,3,0.0067,0.0324,0.5775,0.107,2.2223,0.6336,0.0935
436,3,0.0069,0.0324,0.6154,0.2839,2.4547,1.0409,0.0716
437,3,0.0071,0.0324,0.627,0.049,1.7313,0.1808,0.2071
438,3,0.0073,0.0324,0.7189,0.1899,1.6793,0.2899,0.1313
439,3,0.0075,0.0324,0.5827,0.248,3.8126,29.3041,0.0107
440,3,0.0077,0.0324,0.5965,0.1485,2.5395,1.1522,0.0368
441,3,0.0079,0.0324,0.6366,0.1595,2.1077,0.4486,0.0821
442,3,0.0083,0.0324,0.4799,0.1899,1.2864,0.0327,0.2968
443,3,0.0087,0.0324,0.5411,0.2673,2.2267,0.451,0.029
444,4,0.0003,0.0324,0.7197,0.096,3.6415,4.6689,0.0396
445,4,0.0005,0.0324,0.6538,0.1402,3.1912,3.9887,0.0454
446,4,0.0007,0.0324,0.6525,0.1678,3.1184,4.3912,0.0479
447,4,0.0009,0.0324,0.6224,0.1734,2.9125,2.6074,0.0595
448,4,0.0011,0.0324,0.5998,0.1927,3.0007,3.2615,0.0474
449,4,0.0013,0.0324,0.5813,0.2176,2.7931,1.8631,0.0758
450,4,0.0015,0.0324,0.5597,0.2397,2.7508,1.953,0.0704
451,4,0.0017,0.0324,0.5269,0.2508,2.4597,0.9215,0.0602
452,4,0.0019,0.0324,0.5576,0.2204,2.5777,1.1586,0.0473
453,4,0.0021,0.0324,0.6124,0.2093,2.6724,2.4622,0.0524
454,4,0.0023,0.0324,0.6536,0.2369,2.7047,3.7509,0.0381
455,4,0.0025,0.0324,0.6566,0.1761,2.5364,1.5465,0.0795
456,4,0.0027,0.0324,0.6336,0.1927,2.5241,1.24,0.0727
457,4,0.0029,0.0324,0.6231,0.1678,2.4212,0.9479,0.0775
458,4,0.0031,0.0324,0.6113,0.1761,2.6502,1.6845,0.0556
459,4,0.0033,0.0324,0.6331,0.1899,2.5474,1.4009,0.0499
460,4,0.0035,0.0324,0.6257,0.1485,2.4295,0.9625,0.0817
461,4,0.0037,0.0324,0.6514,0.1872,2.7686,3.0614,0.0568
462,4,0.0039,0.0324,0.6063,0.2176,2.4719,1.1352,0.0621
463,4,0.0041,0.0324,0.5278,0.2563,2.9986,2.9609,0.0363
464,4,0.0043,0.0324,0.4961,0.2756,2.538,0.9298,0.0675
465,4,0.0045,0.0324,0.5104,0.248,2.9349,2.6907,0.0537
466,4,0.0047,0.0324,0.5078,0.248,2.8222,2.542,0.037
467,4,0.0049,0.0324,0.5246,0.2259,2.8095,2.796,0.0891
468,4,0.0051,0.0324,0.5478,0.2397,2.5097,1.3304,0.1274
469,4,0.0053,0.0324,0.5504,0.1955,2.1761,0.4728,0.0608
470,4,0.0055,0.0324,0.6362,0.1651,2.4536,1.203,0.0952
471,4,0.0057,0.0324,0.5754,0.1236,2.8172,2.2569,0.0755
472,4,0.0063,0.0324,0.6348,0.1015,2.0709,0.5626,0.1362
473,4,0.0067,0.0324,0.6264,0.2286,2.1904,0.7579,0.0698
474,4,0.0069,0.0324,0.7114,0.1153,1.8354,0.3461,0.0165
475,4,0.0073,0.0324,0.6734,0.154,2.1502,0.7523,0.0797
476,4,0.0077,0.0324,0.5849,0.259,2.817,2.9702,0.0615
477,4,0.0083,0.0324,0.6264,0.1706,1.9328,0.3892,0.1043
478,4,0.0085,0.0324,0.6985,0.1678,2.4823,1.9557,0.168
479,4,0.0087,0.0324,0.6431,0.1402,2.194,0.6822,0.1683
480,4,0.0091,0.0324,0.5558,0.0573,2.1487,0.6354,0.2534
481,4,0.0099,0.0324,0.5945,0.096,1.4124,0.0727,0.2226
482,5,0.0003,0.0324,0.7056,0.1209,3.8197,12.6206,0.0185
483,5,0.0005,0.0324,0.6896,0.1927,3.3409,3.9291,0.0278
484,5,0.0007,0.0324,0.6634,0.2093,3.1627,3.8287,0.0284
485,5,0.0009,0.0324,0.653,0.2148,2.9999,2.7339,0.04
486,5,0.0011,0.0324,0.6305,0.2148,3.0071,2.9862,0.0361
487,5,0.0013,0.0324,0.6084,0.2093,2.9729,2.5844,0.0459
488,5,0.0015,0.0324,0.5959,0.2121,3.0023,2.8304,0.0456
489,5,0.0017,0.0324,0.5577,0.2259,3.1761,4.5484,0.0362
490,5,0.0019,0.0324,0.5044,0.2342,2.62,0.8881,0.072
491,5,0.0021,0.0324,0.5941,0.1955,2.5604,1.118,0.0977
492,5,0.0023,0.0324,0.6648,0.1209,2.5717,1.4221,0.0892
493,5,0.0025,0.0324,0.6663,0.1899,2.7054,2.3344,0.0452
494,5,0.0027,0.0324,0.5739,0.2093,2.9934,3.6919,0.0436
495,5,0.0029,0.0324,0.6271,0.1955,2.8809,3.3128,0.0546
496,5,0.0031,0.0324,0.6068,0.2176,2.6639,2.1388,0.0494
497,5,0.0033,0.0324,0.5994,0.2231,2.7204,1.7759,0.054
498,5,0.0035,0.0324,0.6266,0.2065,2.7346,2.4532,0.0541
499,5,0.0037,0.0324,0.5882,0.1899,2.5646,1.767,0.0627
500,5,0.0039,0.0324,0.5913,0.1872,2.8602,2.6679,0.0496
501,5,0.0041,0.0324,0.5676,0.2065,2.43,0.7671,0.0862
502,5,0.0043,0.0324,0.5995,0.1872,2.4896,1.0993,0.0888
503,5,0.0045,0.0324,0.6095,0.2065,2.6533,1.4581,0.0574
504,5,0.0047,0.0324,0.5888,0.1374,2.9041,2.4542,0.1188
505,5,0.0049,0.0324,0.5621,0.1457,2.357,0.8297,0.0743
506,5,0.0051,0.0324,0.6316,0.1236,2.4108,1.3031,0.1772
507,5,0.0053,0.0324,0.5431,0.2121,3.192,7.2239,0.0278
508,5,0.0055,0.0324,0.5206,0.2812,2.9265,2.3185,0.0392
509,5,0.0061,0.0324,0.5915,0.201,2.6903,1.8616,0.0519
510,5,0.0065,0.0324,0.6287,0.2314,2.1094,0.5229,0.076
511,5,0.0069,0.0324,0.5489,0.1651,2.7706,1.566,0.0347
512,5,0.0071,0.0324,0.6049,0.1485,1.3025,0.0511,0.3715
513,5,0.0073,0.0324,0.4919,0.1872,2.4999,0.8839,0.0577
514,5,0.0075,0.0324,0.6902,0.0324,2.0196,0.3962,0.2673
515,5,0.0077,0.0324,0.6853,0.1457,2.1908,0.809,0.0139
516,5,0.0079,0.0324,0.6161,0.107,2.6507,1.6695,0.1657
517,5,0.0081,0.0324,0.6502,0.1568,2.2554,0.6904,0.0138
518,5,0.0085,0.0324,0.668,0.1319,1.6158,0.1784,0.2808
519,5,0.0087,0.0324,0.643,0.1844,1.3761,0.0777,0.2723
520,5,0.0089,0.0324,0.6599,0.1043,1.6166,0.1208,0.1268
521,5,0.0091,0.0324,0.5021,0.1513,2.4767,0.7896,0.0475
522,5,0.0093,0.0324,0.6564,0.1153,2.679,2.0623,0.0857
523,5,0.0097,0.0324,0.5752,0.1485,1.388,0.0568,0.437
524,5,0.0099,0.0324,0.5112,0.1319,2.0924,0.3077,0.1797
525,1,0.0003,0.0514,0.7767,0.1098,3.6127,3.0765,0.0998
526,1,0.0005,0.0514,0.6967,0.1623,3.5516,3.4251,0.0794
527,1,0.0007,0.0514,0.6329,0.1982,3.5389,4.1224,0.0578
528,1,0.0009,0.0514,0.5886,0.2259,3.4536,3.3362,0.0623
529,1,0.0011,0.0514,0.5802,0.2342,3.5299,4.6107,0.043
530,1,0.0013,0.0514,0.5689,0.2673,3.4092,3.8042,0.039
531,1,0.0015,0.0514,0.5364,0.2342,3.3388,3.5956,0.0481
532,1,0.0017,0.0514,0.576,0.2342,3.4874,6.509,0.0253
533,1,0.0019,0.0514,0.6052,0.2508,3.2813,3.6249,0.0262
534,1,0.0021,0.0514,0.6293,0.1568,3.5645,9.3257,0.0189
535,1,0.0023,0.0514,0.6094,0.1899,3.3092,5.4833,0.0361
536,1,0.0025,0.0514,0.6585,0.1651,3.2187,5.4128,0.0348
537,1,0.0027,0.0514,0.6073,0.2425,3.2062,3.818,0.0357
538,1,0.0029,0.0514,0.6222,0.2176,3.1114,4.3326,0.038
539,1,0.0031,0.0514,0.6411,0.143,2.9931,4.0524,0.025
540,1,0.0033,0.0514,0.5951,0.2397,3.0658,3.7043,0.0334
541,1,0.0035,0.0514,0.6465,0.2093,2.9,2.5488,0.0381
542,1,0.0037,0.0514,0.6124,0.201,2.85,2.3831,0.0542
543,1,0.0039,0.0514,0.5481,0.2508,3.3933,5.393,0.0288
544,1,0.0041,0.0514,0.6351,0.259,2.9203,3.0027,0.0388
545,1,0.0043,0.0514,0.5735,0.1982,3.1901,4.4054,0.0437
546,1,0.0045,0.0514,0.5743,0.1457,3.0469,3.0074,0.0369
547,1,0.0047,0.0514,0.5477,0.2618,3.4137,5.0259,0.0255
548,1,0.0049,0.0514,0.5836,0.1761,2.5813,1.0151,0.0851
549,1,0.0051,0.0514,0.5571,0.2121,3.336,7.8298,0.0365
550,1,0.0053,0.0514,0.5796,0.2231,2.9562,2.8372,0.0128
551,1,0.0055,0.0514,0.5429,0.259,3.3801,6.1692,0.0115
552,1,0.0057,0.0514,0.6533,0.1678,2.9289,3.7737,0.0237
553,1,0.0059,0.0514,0.5116,0.201,3.0802,3.9997,0.015
554,1,0.0061,0.0514,0.5766,0.2204,2.7489,1.8786,0.0324
555,1,0.0063,0.0514,0.5113,0.1789,2.572,0.8894,0.1222
556,1,0.0065,0.0514,0.6537,0.1899,2.8088,2.3935,0.0915
557,1,0.0069,0.0514,0.7227,0.107,2.3549,1.0927,0.0345
558,1,0.0071,0.0514,0.7402,0.2093,2.1208,0.5218,0.0497
559,1,0.0073,0.0514,0.6752,0.2369,2.0725,0.3857,0.0778
560,1,0.0075,0.0514,0.648,0.1734,2.705,2.0148,0.1374
561,1,0.0077,0.0514,0.6073,0.1927,3.4033,15.0008,0.0206
562,1,0.0079,0.0514,0.5926,0.2093,3.1365,4.0444,0.0599
563,1,0.0083,0.0514,0.7003,0.201,3.2282,5.8243,0.0302
564,1,0.0089,0.0514,0.5991,0.1789,1.9716,0.0666,0.0169
565,1,0.0097,0.0514,0.5876,0.2065,2.7617,2.2753,0.0248
566,1,0.0099,0.0514,0.5392,0.2425,3.387,5.3341,0.0118
567,2,0.0003,0.0514,0.7017,0.1844,3.8816,9.6657,0.0469
568,2,0.0005,0.0514,0.6167,0.2065,3.6664,5.9786,0.0539
569,2,0.0007,0.0514,0.6339,0.2425,3.6436,9.2382,0.0306
570,2,0.0009,0.0514,0.6361,0.2286,3.4329,6.3283,0.0345
571,2,0.0011,0.0514,0.595,0.2425,3.6125,10.1708,0.0256
572,2,0.0013,0.0514,0.5746,0.2563,3.3707,6.3818,0.0316
573,2,0.0015,0.0514,0.5277,0.2397,3.4864,6.4254,0.0273
574,2,0.0017,0.0514,0.51,0.2922,3.4514,7.6611,0.0276
575,2,0.0019,0.0514,0.5684,0.1844,3.2514,4.7612,0.0499
576,2,0.0021,0.0514,0.588,0.1761,3.1221,4.4356,0.0417
577,2,0.0023,0.0514,0.6118,0.1982,3.2225,6.3137,0.0395
578,2,0.0025,0.0514,0.6225,0.2176,3.1929,6.4001,0.0339
579,2,0.0027,0.0514,0.6015,0.2314,3.0455,3.9916,0.0467
580,2,0.0029,0.0514,0.6051,0.1872,2.9274,2.8717,0.0622
581,2,0.0031,0.0514,0.6086,0.1651,2.9008,2.8832,0.0579
582,2,0.0033,0.0514,0.6027,0.2314,2.9281,2.9061,0.0295
583,2,0.0035,0.0514,0.6158,0.1706,3.045,3.6945,0.0286
584,2,0.0037,0.0514,0.5486,0.2259,2.9264,2.6373,0.0442
585,2,0.0039,0.0514,0.5885,0.201,2.8389,2.3234,0.0332
586,2,0.0041,0.0514,0.5245,0.2812,3.0642,2.4756,0.0231
587,2,0.0043,0.0514,0.533,0.2176,3.2986,6.439,0.0181
588,2,0.0045,0.0514,0.6089,0.0241,2.7047,1.9781,0.1422
589,2,0.0047,0.0514,0.4442,0.2563,3.3635,2.8361,0.06
590,2,0.0049,0.0514,0.5354,0.2922,3.2654,4.8771,0.0265
591,2,0.0051,0.0514,0.5535,0.2369,2.8891,1.9171,0.0253
592,2,0.0053,0.0514,0.5861,0.248,2.9929,3.0597,0.0229
593,2,0.0055,0.0514,0.5661,0.2204,2.4629,0.6921,0.0934
594,2,0.0057,0.0514,0.5628,0.2425,2.3239,0.6392,0.0497
595,2,0.0059,0.0514,0.5624,0.259,2.2114,0.4601,0.0803
596,2,0.0061,0.0514,0.6336,0.2508,1.4697,0.0444,0.1258
597,2,0.0063,0.0514,0.6615,0.2176,2.1108,0.5898,0.0374
598,2,0.0065,0.0514,0.5569,0.2121,2.7988,1.5616,0.0706
599,2,0.0067,0.0514,0.5399,0.1402,2.7344,2.1219,0.0382
600,2,0.0069,0.0514,0.5521,0.1623,2.5882,1.3933,0.0652
601,2,0.0071,0.0514,0.5434,0.1513,2.8147,1.9373,0.0331
602,2,0.0073,0.0514,0.6331,0.2176,3.1125,6.4265,0.0253
603,2,0.0079,0.0514,0.5769,0.1098,2.9719,2.9169,0.0703
604,2,0.0081,0.0514,0.5094,0.1402,3.8371,11.0927,0.0103
605,2,0.0083,0.0514,0.4666,0.1706,2.801,1.1343,0.0055
606,3,0.0003,0.0514,0.7159,0.1098,3.5148,5.8506,0.0382
607,3,0.0005,0.0514,0.6664,0.1789,2.9734,2.2792,0.0562
608,3,0.0007,0.0514,0.6664,0.1982,2.6689,1.4654,0.0677
609,3,0.0009,0.0514,0.6465,0.2314,2.5761,1.5361,0.0735
610,3,0.0011,0.0514,0.6175,0.2204,2.7326,1.7039,0.0722
611,3,0.0013,0.0514,0.5865,0.2535,2.5423,1.0336,0.0709
612,3,0.0015,0.0514,0.5973,0.248,2.9218,3.1058,0.033
613,3,0.0017,0.0514,0.5403,0.2038,2.9145,2.2223,0.0719
614,3,0.0019,0.0514,0.5576,0.2397,2.9135,2.3647,0.0431
615,3,0.0021,0.0514,0.5801,0.2093,3.3109,7.5941,0.0215
616,3,0.0023,0.0514,0.5959,0.2535,2.7974,2.3685,0.0584
617,3,0.0025,0.0514,0.6017,0.1955,2.8849,2.5276,0.0435
618,3,0.0027,0.0514,0.6007,0.2093,3.1159,3.9775,0.041
619,3,0.0029,0.0514,0.6126,0.1761,3.4371,9.7229,0.0232
620,3,0.0031,0.0514,0.6,0.1899,3.1114,5.1891,0.0414
621,3,0.0033,0.0514,0.6237,0.1209,2.5196,1.0277,0.0814
622,3,0.0035,0.0514,0.5994,0.1927,2.9233,3.7251,0.0221
623,3,0.0037,0.0514,0.6217,0.1651,2.8169,2.3393,0.045
624,3,0.0039,0.0514,0.5865,0.1789,2.8698,2.0275,0.0577
625,3,0.0041,0.0514,0.6019,0.1955,3.1173,4.5202,0.0449
626,3,0.0043,0.0514,0.5908,0.1982,3.4274,9.2539,0.024
627,3,0.0045,0.0514,0.6276,0.1513,2.4667,1.3109,0.1382
628,3,0.0047,0.0514,0.6051,0.1595,3.0202,3.1085,0.0281
629,3,0.0049,0.0514,0.4724,0.2121,3.5719,5.4569,0.0265
630,3,0.0051,0.0514,0.6812,0.1817,2.5432,1.2333,0.1587
631,3,0.0053,0.0514,0.6461,0.1734,2.6531,1.8879,0.0888
632,3,0.0055,0.0514,0.6962,0.2231,2.2691,0.7648,0.1278
633,3,0.0057,0.0514,0.5773,0.2618,2.4891,0.5876,0.0525
634,3,0.0059,0.0514,0.6839,0.0656,2.1454,0.4352,0.1567
635,3,0.0061,0.0514,0.6066,0.1899,2.5724,0.9074,0.0494
636,3,0.0067,0.0514,0.5696,0.2038,2.7181,1.5545,0.1472
637,3,0.0069,0.0514,0.5961,0.2812,2.6086,1.2623,0.0554
638,3,0.0071,0.0514,0.6219,0.1181,2.1757,0.3994,0.2624
639,3,0.0073,0.0514,0.7586,0.1402,1.7738,0.3916,0.1211
640,3,0.0075,0.0514,0.6258,0.2204,2.685,2.1516,0.0575
641,3,0.0077,0.0514,0.596,0.1899,2.9935,3.5322,0.0267
642,3,0.0079,0.0514,0.6235,0.1789,2.4273,0.9957,0.0494
643,3,0.0083,0.0514,0.4754,0.2038,1.3401,0.0259,0.3467
644,3,0.0089,0.0514,0.5326,0.2701,2.6186,0.6009,0.0223
645,3,0.0091,0.0514,0.5617,0.259,2.5464,0.4692,0.0079
646,3,0.0099,0.0514,0.4578,0.1927,1.8671,0.0675,0.021
647,4,0.0003,0.0514,0.7254,0.1098,3.6347,4.712,0.0473
648,4,0.0005,0.0514,0.6715,0.1485,3.247,3.5069,0.0514
649,4,0.0007,0.0514,0.6633,0.1761,3.1387,4.4072,0.047
650,4,0.0009,0.0514,0.6417,0.1844,2.9734,2.7043,0.0564
651,4,0.0011,0.0514,0.6268,0.1955,2.9451,2.807,0.05
652,4,0.0013,0.0514,0.6054,0.2121,2.9714,2.8661,0.0636
653,4,0.0015,0.0514,0.581,0.2508,2.7374,1.6195,0.0582
654,4,0.0017,0.0514,0.5186,0.2508,3.2299,3.7288,0.0365
655,4,0.0019,0.0514,0.5092,0.2425,2.8041,1.5033,0.035
656,4,0.0021,0.0514,0.6393,0.2093,2.8032,2.8317,0.0436
657,4,0.0023,0.0514,0.656,0.2259,2.8221,4.1331,0.0379
658,4,0.0025,0.0514,0.6632,0.1817,2.8227,2.747,0.0558
659,4,0.0027,0.0514,0.6464,0.1899,2.7385,1.8034,0.055
660,4,0.0029,0.0514,0.6281,0.1678,2.5887,1.1123,0.0713
661,4,0.0031,0.0514,0.6119,0.1844,2.9279,2.5699,0.0404
662,4,0.0033,0.0514,0.6423,0.1899,2.6608,1.6816,0.049
663,4,0.0035,0.0514,0.6313,0.1651,2.5722,1.1252,0.0558
664,4,0.0037,0.0514,0.6665,0.1651,2.912,3.3872,0.0444
665,4,0.0039,0.0514,0.6175,0.1927,2.6823,1.7406,0.0588
666,4,0.0041,0.0514,0.5722,0.259,3.0199,2.9944,0.0319
667,4,0.0043,0.0514,0.5096,0.2618,2.5958,0.8216,0.0789
668,4,0.0045,0.0514,0.5091,0.2342,3.0915,2.6273,0.036
669,4,0.0047,0.0514,0.5221,0.2646,3.0663,4.0302,0.031
670,4,0.0051,0.0514,0.5365,0.248,2.6471,1.3743,0.1351
671,4,0.0053,0.0514,0.5784,0.201,2.5815,1.3396,0.0606
672,4,0.0055,0.0514,0.5894,0.1457,3.2395,5.5288,0.0444
673,4,0.0057,0.0514,0.6553,0.0877,2.5038,1.0166,0.11
674,4,0.0059,0.0514,0.5728,0.2148,2.4868,0.9063,0.0808
675,4,0.0063,0.0514,0.6443,0.0849,1.6925,0.1597,0.1389
676,4,0.0065,0.0514,0.6238,0.1319,2.882,3.0658,0.0564
677,4,0.0067,0.0514,0.6664,0.2148,2.2561,0.7971,0.0289
678,4,0.0069,0.0514,0.6896,0.1706,2.2259,0.6783,0.0973
679,4,0.0073,0.0514,0.6581,0.1264,2.3151,0.8882,0.0421
680,4,0.0075,0.0514,0.7161,0.1899,2.6044,1.9662,0.0346
681,4,0.0077,0.0514,0.568,0.2342,2.6398,1.721,0.0652
682,4,0.0079,0.0514,0.6227,0.2535,3.1752,4.2223,0.0609
683,4,0.0083,0.0514,0.6518,0.1872,2.2886,0.815,0.0884
684,4,0.0085,0.0514,0.6286,0.2204,2.0961,0.3828,0.1084
685,4,0.0087,0.0514,0.6729,0.1236,2.7233,2.4563,0.1146
686,4,0.0089,0.0514,0.6195,0.259,1.9731,0.3925,0.1338
687,4,0.0091,0.0514,0.5621,0.0131,2.6915,2.3125,0.1419
688,4,0.0093,0.0514,0.6029,0.1374,1.9549,0.1535,0.241
689,4,0.0099,0.0514,0.5532,0.0656,1.5894,0.109,0.0988
690,5,0.0003,0.0514,0.7331,0.1209,3.7889,10.7608,0.0197
691,5,0.0005,0.0514,0.7002,0.1982,3.2759,3.4225,0.0313
692,5,0.0007,0.0514,0.6745,0.2093,3.1469,3.1972,0.035
693,5,0.0009,0.0514,0.6541,0.2204,2.954,2.1139,0.0453
694,5,0.0011,0.0514,0.6486,0.2148,3.0198,2.6409,0.0376
695,5,0.0013,0.0514,0.6523,0.2038,2.8515,1.9373,0.055
696,5,0.0015,0.0514,0.5921,0.2065,3.0268,2.5652,0.0457
697,5,0.0017,0.0514,0.5652,0.201,2.8062,1.35,0.0663
698,5,0.0019,0.0514,0.5131,0.2231,2.8381,1.143,0.0715
699,5,0.0021,0.0514,0.57,0.2038,2.921,1.8981,0.0625
700,5,0.0023,0.0514,0.6761,0.1402,2.738,1.7156,0.0597
701,5,0.0025,0.0514,0.6733,0.1872,3.0097,4.0088,0.0419
702,5,0.0027,0.0514,0.6075,0.2065,3.1771,4.74,0.0354
703,5,0.0029,0.0514,0.6241,0.1927,3.136,4.9491,0.0443
704,5,0.0031,0.0514,0.6211,0.2148,2.8899,2.807,0.041
705,5,0.0033,0.0514,0.5956,0.2259,2.9631,2.5916,0.0398
706,5,0.0035,0.0514,0.6312,0.1982,3.0445,3.8386,0.0368
707,5,0.0037,0.0514,0.6103,0.1872,2.7817,2.4996,0.0541
708,5,0.0039,0.0514,0.6264,0.1844,3.1707,4.8071,0.0407
709,5,0.0041,0.0514,0.5651,0.1982,2.7033,1.0684,0.0618
710,5,0.0043,0.0514,0.5895,0.2065,2.6995,1.3964,0.0621
711,5,0.0045,0.0514,0.6231,0.1955,2.8302,1.9766,0.0553
712,5,0.0047,0.0514,0.5853,0.1485,3.069,2.9137,0.0903
713,5,0.0049,0.0514,0.5794,0.1513,2.8985,1.9167,0.0787
714,5,0.0051,0.0514,0.6501,0.1374,2.5835,1.7956,0.1162
715,5,0.0053,0.0514,0.5983,0.1568,2.8764,3.0753,0.0805
716,5,0.0055,0.0514,0.5254,0.259,3.3228,4.3947,0.0261
717,5,0.0057,0.0514,0.5791,0.2563,2.5584,1.0164,0.0863
718,5,0.0061,0.0514,0.6965,0.0296,2.3617,0.8795,0.1264
719,5,0.0063,0.0514,0.6017,0.2369,2.7142,2.0297,0.0435
720,5,0.0065,0.0514,0.6612,0.2646,2.0336,0.4332,0.0757
721,5,0.0067,0.0514,0.6352,0.1734,2.7718,1.4538,0.0497
722,5,0.0069,0.0514,0.5908,0.1236,2.7632,1.6037,0.05
723,5,0.0071,0.0514,0.5919,0.143,2.2663,0.4009,0.1286
724,5,0.0073,0.0514,0.5647,0.1789,1.8819,0.1835,0.1158
725,5,0.0075,0.0514,0.546,0.1236,2.2116,0.4811,0.2234
726,5,0.0077,0.0514,0.7279,0.107,2.3689,1.1022,0.0694
727,5,0.0079,0.0514,0.5084,0.1374,2.7203,1.3288,0.1227
728,5,0.0081,0.0514,0.6627,0.1264,2.5735,1.3742,0.1585
729,5,0.0087,0.0514,0.6505,0.1844,1.8589,0.2662,0.2135
730,5,0.0089,0.0514,0.6797,0.154,1.3157,0.0488,0.204
731,5,0.0091,0.0514,0.5493,0.1153,2.2397,0.3291,0.0731
732,5,0.0093,0.0514,0.5565,0.1927,2.9825,2.7439,0.0318
733,5,0.0095,0.0514,0.7272,0.0296,2.4983,1.1666,0.111
734,5,0.0097,0.0514,0.6258,0.1927,0.9433,0.0155,0.0774
735,5,0.0099,0.0514,0.54,0.1623,1.9689,0.207,0.2182
736,1,0.0003,0.0816,0.7738,0.107,3.6207,2.7247,0.0871
737,1,0.0005,0.0816,0.6851,0.1844,3.4008,2.3014,0.082
738,1,0.0007,0.0816,0.6198,0.2259,3.3723,2.3099,0.075
739,1,0.0009,0.0816,0.6686,0.2148,3.5353,4.6667,0.0475
740,1,0.0011,0.0816,0.6424,0.2259,3.4023,3.889,0.0428
741,1,0.0013,0.0816,0.6026,0.248,3.3282,2.9061,0.0494
742,1,0.0015,0.0816,0.5632,0.2673,3.3866,3.2521,0.0435
743,1,0.0017,0.0816,0.5685,0.2397,3.4074,3.388,0.0477
744,1,0.0019,0.0816,0.5661,0.2729,3.3068,2.2849,0.0382
745,1,0.0021,0.0816,0.6119,0.1761,3.6982,8.4842,0.024
746,1,0.0023,0.0816,0.6287,0.1927,3.5444,6.9262,0.0289
747,1,0.0025,0.0816,0.6734,0.1678,3.3513,6.0324,0.0286
748,1,0.0027,0.0816,0.6518,0.2231,3.34,4.7322,0.037
749,1,0.0029,0.0816,0.6126,0.2314,3.3535,5.115,0.027
750,1,0.0031,0.0816,0.6473,0.1623,3.0997,3.1838,0.0353
751,1,0.0033,0.0816,0.628,0.2231,3.2189,4.3226,0.0305
752,1,0.0035,0.0816,0.6267,0.2369,3.2721,4.2808,0.0251
753,1,0.0037,0.0816,0.6541,0.1982,3.053,2.9262,0.039
754,1,0.0039,0.0816,0.5767,0.2369,3.455,5.0962,0.0411
755,1,0.0041,0.0816,0.5964,0.2342,3.3502,4.7952,0.0231
756,1,0.0043,0.0816,0.5903,0.2452,3.4329,5.8072,0.0282
757,1,0.0045,0.0816,0.6212,0.1651,3.2497,4.0309,0.0351
758,1,0.0047,0.0816,0.5622,0.2286,3.6852,6.8281,0.0297
759,1,0.0049,0.0816,0.582,0.201,3.0369,1.831,0.0396
760,1,0.0051,0.0816,0.594,0.1678,3.3979,6.4261,0.032
761,1,0.0053,0.0816,0.5445,0.2729,3.5671,7.0255,0.0167
762,1,0.0055,0.0816,0.594,0.248,3.4184,5.8562,0.0117
763,1,0.0057,0.0816,0.6162,0.2176,3.0438,2.6353,0.0288
764,1,0.0059,0.0816,0.6298,0.1623,3.3786,7.0685,0.018
765,1,0.0061,0.0816,0.597,0.2259,2.8387,1.912,0.0297
766,1,0.0063,0.0816,0.5295,0.1955,3.0239,1.8489,0.0815
767,1,0.0065,0.0816,0.6049,0.2038,2.8232,1.6574,0.0908
768,1,0.0067,0.0816,0.5912,0.1513,3.1486,2.7027,0.0741
769,1,0.0069,0.0816,0.7328,0.1015,2.6207,1.5249,0.0288
770,1,0.0071,0.0816,0.7267,0.1126,2.8539,2.4674,0.0211
771,1,0.0073,0.0816,0.7337,0.2286,2.0927,0.3851,0.0781
772,1,0.0075,0.0816,0.6592,0.2176,2.6959,1.1966,0.0679
773,1,0.0077,0.0816,0.661,0.1513,3.1888,5.7788,0.0727
774,1,0.0079,0.0816,0.6625,0.1568,3.39,10.6877,0.0249
775,1,0.0081,0.0816,0.5405,0.2425,3.7609,8.7136,0.039
776,1,0.0083,0.0816,0.7727,0.248,3.5652,13.2734,0.0122
777,1,0.0087,0.0816,0.7263,0.3116,2.3227,0.8238,0.1218
778,1,0.0091,0.0816,0.6083,0.1761,2.3145,0.1301,0.0083
779,1,0.0095,0.0816,0.644,0.3116,3.6231,13.4074,0.0187
780,1,0.0099,0.0816,0.6026,0.2204,3.4881,7.183,0.0131
781,2,0.0003,0.0816,0.7024,0.1927,3.9015,9.2963,0.0443
782,2,0.0005,0.0816,0.6499,0.2204,3.5024,3.9385,0.0557
783,2,0.0007,0.0816,0.6509,0.2397,3.4691,5.2971,0.0442
784,2,0.0009,0.0816,0.6312,0.2535,3.3712,4.5763,0.0454
785,2,0.0011,0.0816,0.5807,0.2508,3.2869,3.6191,0.0478
786,2,0.0013,0.0816,0.5735,0.2729,3.1849,2.9057,0.0422
787,2,0.0015,0.0816,0.5729,0.2369,3.249,3.2858,0.0412
788,2,0.0017,0.0816,0.5239,0.2977,3.4204,5.0103,0.0334
789,2,0.0019,0.0816,0.5937,0.2425,3.441,6.1635,0.0295
790,2,0.0021,0.0816,0.5926,0.1955,3.401,5.6328,0.0352
791,2,0.0023,0.0816,0.6387,0.1844,3.2792,5.3098,0.0428
792,2,0.0025,0.0816,0.6469,0.2176,3.4864,9.8963,0.0303
793,2,0.0027,0.0816,0.6096,0.2369,3.3079,5.2604,0.0379
794,2,0.0029,0.0816,0.6275,0.1982,3.1724,3.8827,0.0482
795,2,0.0031,0.0816,0.614,0.1761,3.1252,3.262,0.0518
796,2,0.0033,0.0816,0.5876,0.2314,3.3117,4.4519,0.0258
797,2,0.0035,0.0816,0.6632,0.1761,2.9634,2.5989,0.0333
798,2,0.0037,0.0816,0.5577,0.2286,3.2168,3.6145,0.0357
799,2,0.0039,0.0816,0.6433,0.2065,2.9889,2.6872,0.0271
800,2,0.0041,0.0816,0.5743,0.2425,3.3882,5.3084,0.0192
801,2,0.0043,0.0816,0.5131,0.2397,3.4828,5.0712,0.0227
802,2,0.0045,0.0816,0.6029,0.1513,3.2113,4.7276,0.07
803,2,0.0047,0.0816,0.5116,0.1513,3.6395,6.3694,0.0758
804,2,0.0049,0.0816,0.4521,0.3447,3.5727,2.4204,0.0162
805,2,0.0051,0.0816,0.5855,0.2342,3.3158,4.8301,0.0299
806,2,0.0053,0.0816,0.568,0.248,3.2176,2.9358,0.0133
807,2,0.0055,0.0816,0.5758,0.2176,3.2276,2.7931,0.0502
808,2,0.0057,0.0816,0.5676,0.2701,2.769,1.0277,0.0275
809,2,0.0059,0.0816,0.597,0.2286,2.8006,1.4429,0.0285
810,2,0.0063,0.0816,0.6647,0.2397,2.2222,0.5793,0.032
811,2,0.0065,0.0816,0.5928,0.1927,2.7175,0.9147,0.0413
812,2,0.0067,0.0816,0.5629,0.1927,3.2171,3.5711,0.0467
813,2,0.0069,0.0816,0.5823,0.1623,3.0146,3.0792,0.0374
814,2,0.0071,0.0816,0.5218,0.1761,3.2904,3.4266,0.0231
815,2,0.0073,0.0816,0.6315,0.1789,3.1188,4.9876,0.0309
816,2,0.0075,0.0816,0.6459,0.2342,3.4067,8.7691,0.0194
817,2,0.0079,0.0816,0.6222,0.3033,3.6633,5.1571,0.0034
818,2,0.0081,0.0816,0.5853,0.1236,3.2462,4.1257,0.0437
819,2,0.0083,0.0816,0.5149,0.1899,4.0814,16.2838,0.0069
820,2,0.0085,0.0816,0.506,0.1872,3.444,3.2473,0.0051
821,3,0.0003,0.0816,0.7678,0.0905,3.3876,4.6234,0.0507
822,3,0.0005,0.0816,0.6995,0.1927,3.0623,2.8272,0.0485
823,3,0.0007,0.0816,0.6855,0.2148,2.7534,1.4241,0.0643
824,3,0.0009,0.0816,0.6698,0.2452,2.7722,1.6491,0.0608
825,3,0.0011,0.0816,0.6337,0.2176,2.9366,2.3677,0.0613
826,3,0.0013,0.0816,0.6113,0.2701,2.6847,1.2361,0.0678
827,3,0.0015,0.0816,0.6193,0.2508,3.1126,3.87,0.0312
828,3,0.0017,0.0816,0.5541,0.2369,3.0192,2.0399,0.0592
829,3,0.0019,0.0816,0.5543,0.2452,3.3845,5.5137,0.0279
830,3,0.0021,0.0816,0.6541,0.2259,3.1533,4.3149,0.0393
831,3,0.0023,0.0816,0.5759,0.2314,3.1336,3.2516,0.0379
832,3,0.0025,0.0816,0.6339,0.2065,3.2628,5.4868,0.0308
833,3,0.0027,0.0816,0.6055,0.2259,3.4018,5.1396,0.0331
834,3,0.0029,0.0816,0.6187,0.1734,3.6047,10.5339,0.0209
835,3,0.0031,0.0816,0.6342,0.1927,3.3709,7.2576,0.0314
836,3,0.0033,0.0816,0.5782,0.1678,3.0931,2.4822,0.0635
837,3,0.0035,0.0816,0.6322,0.1927,3.1032,4.0339,0.0186
838,3,0.0037,0.0816,0.6049,0.1678,3.2224,4.3845,0.0309
839,3,0.0039,0.0816,0.6536,0.1734,3.0517,2.8977,0.033
840,3,0.0041,0.0816,0.6096,0.201,3.4071,5.9065,0.0342
841,3,0.0043,0.0816,0.6043,0.2121,3.3089,5.5573,0.0357
842,3,0.0045,0.0816,0.6296,0.1568,2.8914,2.5703,0.0829
843,3,0.0047,0.0816,0.6387,0.1485,3.2084,4.3047,0.0246
844,3,0.0051,0.0816,0.5434,0.1789,3.2964,3.2476,0.0518
845,3,0.0053,0.0816,0.714,0.1347,2.7925,2.058,0.0749
846,3,0.0055,0.0816,0.641,0.2314,2.8144,2.2489,0.0854
847,3,0.0057,0.0816,0.6553,0.2452,2.4931,0.5483,0.0977
848,3,0.0059,0.0816,0.5971,0.1789,2.7467,1.2559,0.0887
849,3,0.0061,0.0816,0.7071,0.1264,2.2974,0.4335,0.2016
850,3,0.0063,0.0816,0.6487,0.143,1.8925,0.2203,0.0472
851,3,0.0067,0.0816,0.6311,0.2922,3.2744,3.3031,0.0663
852,3,0.0069,0.0816,0.6246,0.1761,3.1913,4.0359,0.0612
853,3,0.0071,0.0816,0.608,0.2093,2.7025,1.2347,0.1124
854,3,0.0073,0.0816,0.6705,0.0877,2.0882,0.407,0.1358
855,3,0.0075,0.0816,0.7397,0.1817,1.9828,0.485,0.0999
856,3,0.0077,0.0816,0.6209,0.2065,3.2673,6.6725,0.0279
857,3,0.0079,0.0816,0.6193,0.1734,2.7662,1.7032,0.0356
858,3,0.0081,0.0816,0.6745,0.1734,2.3401,0.6806,0.0298
859,3,0.0085,0.0816,0.4966,0.1982,1.7894,0.0458,0.29
860,3,0.0091,0.0816,0.5557,0.2673,2.8706,0.8785,0.0097
861,3,0.0093,0.0816,0.5146,0.2508,2.5931,0.33,0.0058
862,4,0.0003,0.0816,0.7401,0.1153,3.6221,4.6956,0.0481
863,4,0.0005,0.0816,0.6967,0.1513,3.2034,3.0546,0.0538
864,4,0.0007,0.0816,0.675,0.1899,3.1338,3.851,0.0502
865,4,0.0009,0.0816,0.6705,0.1817,3.0288,2.827,0.0571
866,4,0.0011,0.0816,0.6503,0.201,2.9668,2.6601,0.0573
867,4,0.0013,0.0816,0.5998,0.2231,2.9468,2.1716,0.0621
868,4,0.0015,0.0816,0.5733,0.2452,2.8267,1.4859,0.0662
869,4,0.0017,0.0816,0.5323,0.2729,3.2482,3.424,0.0316
870,4,0.0019,0.0816,0.5195,0.2508,3.1328,1.8688,0.0569
871,4,0.0021,0.0816,0.5943,0.2148,2.8266,1.9814,0.0363
872,4,0.0023,0.0816,0.6615,0.2231,3.0295,5.1969,0.033
873,4,0.0025,0.0816,0.6623,0.1789,2.9973,3.2913,0.0463
874,4,0.0027,0.0816,0.6754,0.1844,2.9883,2.789,0.0395
875,4,0.0029,0.0816,0.6303,0.1844,2.8668,1.6959,0.0562
876,4,0.0031,0.0816,0.6439,0.1844,3.1228,2.9181,0.0347
877,4,0.0033,0.0816,0.6772,0.1899,2.8898,2.666,0.0424
878,4,0.0035,0.0816,0.6226,0.1817,2.9068,1.9704,0.0313
879,4,0.0037,0.0816,0.666,0.1651,3.1292,4.2862,0.0356
880,4,0.0039,0.0816,0.6476,0.1817,2.9479,2.7607,0.0465
881,4,0.0041,0.0816,0.6046,0.2314,3.2519,4.1844,0.0296
882,4,0.0043,0.0816,0.5413,0.2563,3.0293,1.8109,0.0462
883,4,0.0045,0.0816,0.5242,0.2673,3.0753,1.7621,0.0368
884,4,0.0047,0.0816,0.5372,0.2452,3.3042,4.5607,0.0317
885,4,0.0049,0.0816,0.5568,0.259,3.6476,12.6006,0.0189
886,4,0.0051,0.0816,0.5461,0.248,2.8681,1.3914,0.1566
887,4,0.0053,0.0816,0.5826,0.2508,2.8201,1.7884,0.0592
888,4,0.0055,0.0816,0.5457,0.1291,3.5298,6.7903,0.0221
889,4,0.0057,0.0816,0.696,0.1015,2.8878,2.5313,0.0608
890,4,0.0059,0.0816,0.587,0.1734,2.8897,2.0313,0.0516
891,4,0.0061,0.0816,0.6546,0.2204,2.6624,0.6628,0.2081
892,4,0.0063,0.0816,0.7513,0.049,1.3737,0.0515,0.4969
893,4,0.0065,0.0816,0.6066,0.1513,3.1392,3.4663,0.0302
894,4,0.0067,0.0816,0.7102,0.2314,2.2336,0.6455,0.0305
895,4,0.0069,0.0816,0.6808,0.2148,2.6188,1.3436,0.043
896,4,0.0071,0.0816,0.6965,0.1347,2.5887,1.3454,0.0264
897,4,0.0075,0.0816,0.6926,0.1623,2.8199,2.4979,0.0295
898,4,0.0077,0.0816,0.7468,0.1844,2.6877,2.2838,0.0251
899,4,0.0079,0.0816,0.624,0.2452,3.0816,3.0923,0.0574
900,4,0.0081,0.0816,0.6255,0.259,2.9888,1.7973,0.0955
901,4,0.0083,0.0816,0.6156,0.2121,2.973,2.1499,0.0574
902,4,0.0085,0.0816,0.6538,0.1734,2.4833,0.9875,0.0643
903,4,0.0087,0.0816,0.6732,0.2204,2.5149,1.1465,0.1099
904,4,0.0089,0.0816,0.6756,0.1319,3.1108,4.3451,0.0712
905,4,0.0091,0.0816,0.6383,0.2425,2.5246,1.2744,0.1059
906,4,0.0093,0.0816,0.5702,0.0435,2.922,2.4935,0.1133
907,4,0.0095,0.0816,0.6106,0.1485,2.6321,0.4811,0.0972
908,5,0.0003,0.0816,0.7523,0.1513,3.2164,1.7193,0.0467
909,5,0.0005,0.0816,0.7216,0.1789,3.2496,3.2384,0.0336
910,5,0.0007,0.0816,0.6992,0.2093,2.9858,1.8432,0.0554
911,5,0.0009,0.0816,0.6693,0.2176,2.919,1.6064,0.0538
912,5,0.0011,0.0816,0.6593,0.2231,3.0427,2.2934,0.0446
913,5,0.0013,0.0816,0.626,0.2314,2.8684,1.363,0.0682
914,5,0.0015,0.0816,0.5898,0.2535,3.0849,2.2874,0.0496
915,5,0.0017,0.0816,0.5685,0.201,3.0068,1.4677,0.0596
916,5,0.0019,0.0816,0.6112,0.2093,2.884,1.3549,0.0545
917,5,0.0021,0.0816,0.5907,0.2204,3.0784,2.166,0.0541
918,5,0.0023,0.0816,0.6648,0.1513,2.9723,2.2814,0.0513
919,5,0.0025,0.0816,0.6954,0.1789,3.3099,6.2911,0.0306
920,5,0.0027,0.0816,0.627,0.2065,3.3761,5.4931,0.0296
921,5,0.0029,0.0816,0.6114,0.2176,3.4052,6.9246,0.033
922,5,0.0031,0.0816,0.6513,0.2093,3.1916,4.3896,0.0453
923,5,0.0033,0.0816,0.6046,0.2093,3.2432,4.1692,0.0272
924,5,0.0035,0.0816,0.6526,0.2065,3.2707,4.224,0.033
925,5,0.0037,0.0816,0.6317,0.1899,3.1176,4.4098,0.0386
926,5,0.0039,0.0816,0.6278,0.1899,3.4237,6.2506,0.0351
927,5,0.0041,0.0816,0.5975,0.1955,3.2516,3.4433,0.0294
928,5,0.0043,0.0816,0.589,0.2065,2.9697,1.6907,0.0499
929,5,0.0045,0.0816,0.6237,0.1899,3.1094,2.7285,0.0557
930,5,0.0047,0.0816,0.6238,0.2093,3.0278,2.4191,0.0377
931,5,0.0049,0.0816,0.6093,0.1595,3.3231,4.1429,0.0649
932,5,0.0051,0.0816,0.6148,0.1485,2.7494,1.5742,0.07
933,5,0.0053,0.0816,0.6539,0.1374,3.0814,4.0568,0.086
934,5,0.0055,0.0816,0.5674,0.2231,3.8828,16.2121,0.0145
935,5,0.0057,0.0816,0.5358,0.2894,3.0125,1.3385,0.0471
936,5,0.0059,0.0816,0.6581,0.1872,2.5032,0.976,0.0803
937,5,0.0061,0.0816,0.7081,0.0241,2.6761,1.53,0.0817
938,5,0.0063,0.0816,0.6501,0.2176,2.9754,3.0509,0.0337
939,5,0.0065,0.0816,0.6602,0.2729,2.3526,0.877,0.0638
940,5,0.0067,0.0816,0.638,0.2204,2.6156,0.9577,0.0491
941,5,0.0069,0.0816,0.6249,0.1457,3.7076,9.3067,0.0146
942,5,0.0071,0.0816,0.5926,0.1374,3.0668,2.2945,0.0361
943,5,0.0073,0.0816,0.6699,0.1319,1.995,0.1832,0.1683
944,5,0.0075,0.0816,0.5276,0.1872,2.6724,0.7964,0.0528
945,5,0.0077,0.0816,0.662,0.1043,2.6015,1.2335,0.1123
946,5,0.0079,0.0816,0.7571,0.143,2.689,2.0928,0.0105
947,5,0.0081,0.0816,0.6062,0.1126,2.6795,1.374,0.1735
948,5,0.0083,0.0816,0.6793,0.1623,2.6222,1.0968,0.0658
949,5,0.0087,0.0816,0.6823,0.1347,1.9347,0.2561,0.2077
950,5,0.0089,0.0816,0.6641,0.1817,2.0677,0.3045,0.1386
951,5,0.0091,0.0816,0.657,0.1651,1.6656,0.0815,0.157
952,5,0.0093,0.0816,0.5593,0.1291,2.5952,0.5609,0.0321
953,5,0.0095,0.0816,0.6376,0.1264,2.8482,1.8059,0.0719
954,5,0.0097,0.0816,0.6195,0.1955,2.1818,0.3589,0.05
955,5,0.0099,0.0816,0.626,0.1899,1.507,0.059,0.1794
956,1,0.0003,0.129,0.7673,0.0987,3.6315,3.0046,0.0774
957,1,0.0005,0.129,0.7211,0.1817,3.3008,1.8434,0.0942
958,1,0.0007,0.129,0.6696,0.1982,3.3819,2.5158,0.0708
959,1,0.0009,0.129,0.6519,0.2369,3.2292,1.8787,0.0727
960,1,0.0011,0.129,0.6164,0.2314,3.299,2.3587,0.0658
961,1,0.0013,0.129,0.6101,0.259,3.0917,1.3321,0.0633
962,1,0.0015,0.129,0.5501,0.2701,2.9992,0.7047,0.09
963,1,0.0017,0.129,0.6162,0.2342,3.3894,2.908,0.0299
964,1,0.0019,0.129,0.6933,0.2231,3.5999,5.1489,0.0336
965,1,0.0021,0.129,0.6224,0.1982,3.6599,5.2553,0.0278
966,1,0.0023,0.129,0.6573,0.2121,3.8321,10.4515,0.0155
967,1,0.0025,0.129,0.6834,0.1817,3.484,5.654,0.0267
968,1,0.0027,0.129,0.6958,0.2065,3.5077,6.0371,0.0371
969,1,0.0029,0.129,0.6362,0.2342,3.5548,5.5335,0.0208
970,1,0.0031,0.129,0.6467,0.1761,3.6024,6.2196,0.0311
971,1,0.0033,0.129,0.6605,0.2038,3.4582,5.0755,0.0251
972,1,0.0035,0.129,0.6265,0.259,3.4651,4.4347,0.0263
973,1,0.0037,0.129,0.6925,0.1955,3.4121,5.0634,0.0269
974,1,0.0039,0.129,0.6196,0.2176,3.5586,4.9322,0.0348
975,1,0.0041,0.129,0.5913,0.2452,3.7432,6.4045,0.0245
976,1,0.0043,0.129,0.6676,0.2535,3.5081,6.1871,0.024
977,1,0.0045,0.129,0.6181,0.2176,3.7263,8.2766,0.0196
978,1,0.0047,0.129,0.5858,0.1678,3.7084,6.4577,0.0227
979,1,0.0049,0.129,0.6477,0.2618,3.3649,2.9481,0.0196
980,1,0.0051,0.129,0.591,0.2065,3.3812,2.6623,0.038
981,1,0.0053,0.129,0.612,0.1789,3.7964,11.2968,0.022
982,1,0.0055,0.129,0.592,0.2673,3.5785,5.166,0.017
983,1,0.0057,0.129,0.617,0.2563,3.6828,8.5065,0.008
984,1,0.0059,0.129,0.6634,0.1955,3.4081,6.0792,0.0196
985,1,0.0061,0.129,0.6017,0.2121,3.379,4.7756,0.0214
986,1,0.0063,0.129,0.6194,0.2286,2.9818,1.9569,0.0252
987,1,0.0065,0.129,0.5962,0.1982,3.1135,2.2604,0.0838
988,1,0.0067,0.129,0.6317,0.1817,3.2061,2.6466,0.0694
989,1,0.0069,0.129,0.6223,0.2065,3.9931,10.6567,0.0212
990,1,0.0071,0.129,0.7523,0.096,3.0469,2.9937,0.0206
991,1,0.0073,0.129,0.7377,0.1264,3.2722,4.3466,0.0137
992,1,0.0075,0.129,0.7341,0.2231,2.4382,0.6408,0.058
993,1,0.0077,0.129,0.6768,0.2204,3.1017,2.1057,0.0365
994,1,0.0079,0.129,0.6692,0.1789,3.4545,6.4175,0.0625
995,1,0.0081,0.129,0.6734,0.1678,3.4938,8.5211,0.0339
996,1,0.0083,0.129,0.628,0.2286,3.648,8.7164,0.0388
997,1,0.0085,0.129,0.7476,0.2231,4.4633,58.8536,0.0058
998,1,0.0087,0.129,0.7283,0.2397,3.0998,3.4906,0.0455
999,1,0.0093,0.129,0.631,0.1955,2.6501,0.1827,0.0033
1000,2,0.0003,0.129,0.721,0.1734,3.9776,9.7382,0.0437
1001,2,0.0005,0.129,0.6681,0.2121,3.4599,3.2093,0.0659
1002,2,0.0007,0.129,0.6966,0.2038,3.4005,4.4082,0.0573
1003,2,0.0009,0.129,0.6519,0.2508,3.2666,2.9176,0.0534
1004,2,0.0011,0.129,0.6151,0.2563,3.1026,1.8093,0.0872
1005,2,0.0013,0.129,0.594,0.2673,3.1538,1.8528,0.0473
1006,2,0.0015,0.129,0.6443,0.2342,3.1981,2.2985,0.0458
1007,2,0.0017,0.129,0.5648,0.2894,3.5542,4.8007,0.0346
1008,2,0.0019,0.129,0.6014,0.259,3.5544,5.1517,0.0299
1009,2,0.0021,0.129,0.6243,0.2121,3.6486,6.471,0.0337
1010,2,0.0023,0.129,0.6569,0.1844,3.5403,5.7056,0.0334
1011,2,0.0025,0.129,0.6642,0.2286,3.735,11.2583,0.0261
1012,2,0.0027,0.129,0.6403,0.2342,3.5154,5.7889,0.0355
1013,2,0.0029,0.129,0.6348,0.2314,3.5966,6.773,0.0388
1014,2,0.0031,0.129,0.6572,0.1955,3.5342,6.0894,0.0336
1015,2,0.0033,0.129,0.6076,0.2176,3.4726,4.3234,0.028
1016,2,0.0035,0.129,0.648,0.1955,3.244,3.0231,0.0325
1017,2,0.0037,0.129,0.6248,0.2065,3.3949,3.8666,0.0317
1018,2,0.0039,0.129,0.6195,0.2508,3.4506,4.5143,0.0228
1019,2,0.0041,0.129,0.6271,0.2204,3.584,6.8657,0.0173
1020,2,0.0043,0.129,0.5646,0.2452,3.4807,3.3279,0.0211
1021,2,0.0045,0.129,0.5597,0.2369,3.8568,11.1157,0.0242
1022,2,0.0047,0.129,0.6125,0.107,3.4083,4.0674,0.0926
1023,2,0.0049,0.129,0.5037,0.2701,3.9552,5.006,0.036
1024,2,0.0051,0.129,0.5407,0.2977,3.5362,2.8743,0.0325
1025,2,0.0053,0.129,0.6058,0.2121,3.4456,4.3531,0.0243
1026,2,0.0055,0.129,0.5925,0.2176,3.5092,3.9638,0.0227
1027,2,0.0057,0.129,0.5894,0.2701,3.3006,2.3817,0.0158
1028,2,0.0059,0.129,0.592,0.2508,3.334,2.5543,0.0156
1029,2,0.0061,0.129,0.6045,0.259,3.5017,3.9293,0.0155
1030,2,0.0063,0.129,0.7216,0.2701,2.1614,0.2506,0.0546
1031,2,0.0065,0.129,0.7046,0.2148,2.6545,0.967,0.0303
1032,2,0.0067,0.129,0.6011,0.2038,3.2263,2.1645,0.0356
1033,2,0.0069,0.129,0.5699,0.1899,3.6243,5.3871,0.0301
1034,2,0.0071,0.129,0.6129,0.1789,3.7883,9.3692,0.0194
1035,2,0.0073,0.129,0.5662,0.1789,3.9196,10.1112,0.012
1036,2,0.0075,0.129,0.6608,0.1955,3.3711,6.4693,0.0216
1037,2,0.0077,0.129,0.66,0.2093,3.5355,7.5146,0.0267
1038,2,0.0079,0.129,0.6332,0.2314,3.2666,2.1536,0.0526
1039,2,0.0081,0.129,0.6527,0.201,3.3927,4.3115,0.048
1040,2,0.0083,0.129,0.5826,0.1485,3.7752,8.4173,0.0207
1041,3,0.0003,0.129,0.8309,-0.0008,3.1442,2.642,0.0708
1042,3,0.0005,0.129,0.7591,0.1899,2.8473,1.6141,0.0636
1043,3,0.0007,0.129,0.6825,0.2065,2.8926,1.3563,0.0701
1044,3,0.0009,0.129,0.6766,0.2452,2.9019,1.6079,0.0678
1045,3,0.0011,0.129,0.6655,0.2425,2.8328,1.3302,0.0894
1046,3,0.0013,0.129,0.6479,0.2673,3.2039,2.7977,0.0432
1047,3,0.0015,0.129,0.6145,0.248,3.0587,1.8231,0.0568
1048,3,0.0017,0.129,0.5969,0.2369,3.3483,3.6652,0.0476
1049,3,0.0019,0.129,0.6165,0.2342,3.6593,8.0378,0.0252
1050,3,0.0021,0.129,0.6163,0.2397,3.2283,2.7688,0.041
1051,3,0.0023,0.129,0.6251,0.2342,3.4078,4.5401,0.0382
1052,3,0.0025,0.129,0.6658,0.1982,3.415,5.9847,0.0275
1053,3,0.0027,0.129,0.6278,0.2369,3.8314,8.4786,0.0211
1054,3,0.0029,0.129,0.6323,0.1955,3.8053,10.5812,0.0205
1055,3,0.0031,0.129,0.6666,0.1817,3.7915,13.9247,0.0215
1056,3,0.0033,0.129,0.6282,0.1927,3.5117,5.7111,0.036
1057,3,0.0035,0.129,0.6203,0.1927,3.1373,2.2726,0.0357
1058,3,0.0037,0.129,0.619,0.1844,3.569,6.8336,0.0146
1059,3,0.0039,0.129,0.653,0.1844,3.4895,5.8562,0.0254
1060,3,0.0041,0.129,0.626,0.2121,3.7026,8.2756,0.0194
1061,3,0.0043,0.129,0.636,0.2038,3.5942,7.0337,0.0283
1062,3,0.0045,0.129,0.6265,0.2038,3.6464,9.9632,0.0294
1063,3,0.0047,0.129,0.664,0.1844,3.1015,2.5991,0.0624
1064,3,0.0049,0.129,0.6502,0.1623,4.0532,20.727,0.0072
1065,3,0.0051,0.129,0.5077,0.2093,3.9432,7.9068,0.0133
1066,3,0.0053,0.129,0.6716,0.1651,3.1701,2.972,0.0635
1067,3,0.0055,0.129,0.7013,0.1319,3.011,2.5089,0.0485
1068,3,0.0057,0.129,0.6581,0.2369,2.8562,1.4292,0.1056
1069,3,0.0059,0.129,0.6393,0.2535,2.9875,1.1816,0.0307
1070,3,0.0061,0.129,0.6566,0.1678,2.6106,0.748,0.1503
1071,3,0.0063,0.129,0.6936,0.1457,2.6018,0.5792,0.1198
1072,3,0.0065,0.129,0.6929,0.143,1.8607,0.1955,0.0568
1073,3,0.0067,0.129,0.6601,0.1899,3.2584,2.2962,0.0376
1074,3,0.0069,0.129,0.644,0.2314,3.5279,5.161,0.0759
1075,3,0.0071,0.129,0.6308,0.2342,3.2686,3.369,0.0412
1076,3,0.0073,0.129,0.6135,0.1789,3.0847,2.0409,0.073
1077,3,0.0075,0.129,0.6926,0.1264,2.7763,1.4734,0.0909
1078,3,0.0077,0.129,0.7302,0.201,2.639,1.6011,0.0497
1079,3,0.0079,0.129,0.6494,0.2065,3.467,7.7271,0.022
1080,3,0.0081,0.129,0.6377,0.1651,2.9786,2.0449,0.0273
1081,3,0.0083,0.129,0.6696,0.1789,2.9152,1.7755,0.0226
1082,3,0.0087,0.129,0.517,0.1872,2.2825,0.0931,0.1891
1083,3,0.0089,0.129,0.5722,0.143,2.0669,0.0532,0.1748
1084,3,0.0091,0.129,0.6742,0.3116,3.1785,1.1435,0.0044
1085,3,0.0093,0.129,0.5841,0.259,2.8192,0.7855,0.0043
1086,4,0.0003,0.129,0.7584,0.1153,3.6114,4.2362,0.043
1087,4,0.0005,0.129,0.723,0.1706,3.3031,3.4973,0.0443
1088,4,0.0007,0.129,0.6908,0.1955,3.1504,3.4453,0.049
1089,4,0.0009,0.129,0.688,0.1844,3.0488,2.1954,0.0732
1090,4,0.0011,0.129,0.6503,0.2176,3.0559,2.1306,0.0658
1091,4,0.0013,0.129,0.6227,0.2342,3.1235,2.3002,0.0572
1092,4,0.0015,0.129,0.5969,0.2563,3.0439,1.6471,0.0535
1093,4,0.0017,0.129,0.5626,0.2646,3.2154,2.1861,0.0439
1094,4,0.0019,0.129,0.5531,0.2756,3.5784,3.6797,0.038
1095,4,0.0021,0.129,0.6277,0.2259,3.2257,3.2545,0.0311
1096,4,0.0023,0.129,0.6751,0.2231,3.4459,8.2113,0.0218
1097,4,0.0025,0.129,0.6761,0.1955,3.3161,5.4878,0.0313
1098,4,0.0027,0.129,0.6918,0.2065,3.2219,3.6853,0.0305
1099,4,0.0029,0.129,0.6528,0.1844,3.2501,3.1407,0.036
1100,4,0.0031,0.129,0.6786,0.1734,3.2067,2.9713,0.0388
1101,4,0.0033,0.129,0.6845,0.1899,3.1595,3.8463,0.0347
1102,4,0.0035,0.129,0.6576,0.1899,3.2189,3.1357,0.0261
1103,4,0.0037,0.129,0.6545,0.1734,3.4388,5.9165,0.0241
1104,4,0.0039,0.129,0.7155,0.1844,3.2845,5.3312,0.0315
1105,4,0.0041,0.129,0.6432,0.2093,3.5233,5.9964,0.0251
1106,4,0.0043,0.129,0.5855,0.2452,3.3614,3.0214,0.0377
1107,4,0.0045,0.129,0.5399,0.259,3.4313,2.4965,0.0333
1108,4,0.0047,0.129,0.583,0.2369,3.453,3.9039,0.0171
1109,4,0.0049,0.129,0.5703,0.2618,3.752,10.8186,0.0104
1110,4,0.0051,0.129,0.5416,0.259,3.9741,10.2892,0.0468
1111,4,0.0053,0.129,0.5806,0.2508,3.0624,1.4478,0.1179
1112,4,0.0055,0.129,0.5856,0.2535,3.5704,5.9983,0.0293
1113,4,0.0057,0.129,0.6131,0.1485,3.9406,14.1492,0.02
1114,4,0.0059,0.129,0.6835,0.1291,2.9635,2.0583,0.0564
1115,4,0.0061,0.129,0.5979,0.1595,2.8014,0.9494,0.0629
1116,4,0.0063,0.129,0.6131,0.2093,2.8305,0.7802,0.1421
1117,4,0.0065,0.129,0.6812,0.1098,2.3155,0.3466,0.1238
1118,4,0.0067,0.129,0.6501,0.1651,4.377,28.1577,0.0077
1119,4,0.0069,0.129,0.7064,0.2176,2.842,1.8497,0.0204
1120,4,0.0071,0.129,0.7049,0.201,3.1116,3.0158,0.0335
1121,4,0.0073,0.129,0.7091,0.1678,2.9133,2.1362,0.0159
1122,4,0.0075,0.129,0.6987,0.1181,3.0645,3.3066,0.0146
1123,4,0.0077,0.129,0.6952,0.1706,2.8771,2.0502,0.0268
1124,4,0.0079,0.129,0.7497,0.1899,2.5769,1.4373,0.0395
1125,4,0.0081,0.129,0.6398,0.2535,3.2657,3.2521,0.0507
1126,4,0.0083,0.129,0.6518,0.2176,3.2807,2.4653,0.0707
1127,4,0.0085,0.129,0.647,0.2065,3.491,6.3631,0.0243
1128,4,0.0087,0.129,0.6661,0.1706,3.0682,2.4903,0.031
1129,4,0.0089,0.129,0.6958,0.2148,3.3023,4.7345,0.0446
1130,4,0.0091,0.129,0.67,0.143,3.4415,6.1504,0.0476
1131,4,0.0093,0.129,0.6684,0.1982,3.045,3.2553,0.0805
1132,4,0.0095,0.129,0.5989,0.0932,3.1747,3.4969,0.0885
1133,4,0.0097,0.129,0.6714,0.1982,1.6105,0.0238,0.0277
1134,5,0.0003,0.129,0.7763,0.1513,3.6552,5.0784,0.0295
1135,5,0.0005,0.129,0.7419,0.2121,3.1961,2.3668,0.0346
1136,5,0.0007,0.129,0.7129,0.2148,2.9717,1.451,0.0643
1137,5,0.0009,0.129,0.6886,0.2231,2.8472,1.0992,0.0765
1138,5,0.0011,0.129,0.6744,0.2397,2.8974,1.1941,0.0646
1139,5,0.0013,0.129,0.6623,0.2342,2.8871,1.1632,0.081
1140,5,0.0015,0.129,0.6222,0.2314,3.0817,1.6197,0.0634
1141,5,0.0017,0.129,0.5825,0.2231,3.0253,1.0513,0.0572
1142,5,0.0019,0.129,0.6056,0.1706,3.3184,2.3679,0.04
1143,5,0.0021,0.129,0.6053,0.248,3.3734,2.7051,0.0428
1144,5,0.0023,0.129,0.6518,0.1734,3.3159,3.1391,0.0449
1145,5,0.0025,0.129,0.7301,0.1651,3.3777,5.4775,0.0253
1146,5,0.0027,0.129,0.6711,0.1899,3.5079,5.337,0.0286
1147,5,0.0029,0.129,0.6235,0.2204,3.7265,9.4318,0.0246
1148,5,0.0031,0.129,0.6589,0.2065,3.4794,5.5843,0.0384
1149,5,0.0033,0.129,0.6262,0.2231,3.465,5.1798,0.0228
1150,5,0.0035,0.129,0.6571,0.2121,3.3653,4.028,0.0282
1151,5,0.0037,0.129,0.6642,0.2038,3.3578,4.5812,0.0335
1152,5,0.0039,0.129,0.6294,0.201,3.417,5.085,0.0341
1153,5,0.0041,0.129,0.6553,0.1872,3.5746,6.5952,0.0308
1154,5,0.0043,0.129,0.5896,0.2065,3.3623,2.3647,0.035
1155,5,0.0045,0.129,0.6209,0.2121,3.3626,3.2702,0.0301
1156,5,0.0047,0.129,0.6406,0.1982,3.2545,2.8761,0.0477
1157,5,0.0049,0.129,0.6353,0.1651,3.5598,6.307,0.0388
1158,5,0.0051,0.129,0.6177,0.2148,3.3757,2.8076,0.0403
1159,5,0.0053,0.129,0.6602,0.1347,3.0364,2.4994,0.0808
1160,5,0.0055,0.129,0.6363,0.1844,3.6215,8.9357,0.0391
1161,5,0.0057,0.129,0.578,0.2425,3.9173,7.8061,0.0147
1162,5,0.0059,0.129,0.599,0.259,2.9237,1.3003,0.0721
1163,5,0.0061,0.129,0.6508,0.201,3.1595,2.7719,0.0718
1164,5,0.0063,0.129,0.7074,0.0877,3.2854,4.1689,0.0403
1165,5,0.0065,0.129,0.6766,0.2204,3.0259,2.5142,0.0395
1166,5,0.0067,0.129,0.656,0.259,2.6498,1.0595,0.047
1167,5,0.0069,0.129,0.6666,0.1899,3.2502,2.8754,0.0365
1168,5,0.0071,0.129,0.6183,0.154,3.5562,4.7718,0.0178
1169,5,0.0073,0.129,0.6136,0.143,3.155,1.8575,0.0378
1170,5,0.0075,0.129,0.6677,0.1319,2.5749,0.5195,0.0753
1171,5,0.0077,0.129,0.5903,0.1678,2.8087,0.8984,0.0771
1172,5,0.0079,0.129,0.6877,0.0987,2.9986,2.4401,0.0456
1173,5,0.0081,0.129,0.7333,0.1623,3.0311,2.8707,0.0144
1174,5,0.0083,0.129,0.6751,0.1264,2.8678,1.9081,0.1161
1175,5,0.0085,0.129,0.7383,0.1126,2.8744,1.9433,0.0988
1176,5,0.0087,0.129,0.6678,0.154,2.5281,0.5993,0.0311
1177,5,0.0089,0.129,0.6894,0.1651,2.7091,1.1204,0.0868
1178,5,0.0091,0.129,0.699,0.154,2.7673,1.045,0.0586
1179,5,0.0093,0.129,0.6659,0.154,2.0979,0.1586,0.0763
1180,5,0.0095,0.129,0.6072,0.1623,2.3861,0.2631,0.0698
1181,5,0.0097,0.129,0.6667,0.1236,3.074,2.374,0.0531
1182,1,0.0003,0.2045,0.7879,0.0849,3.4354,2.3626,0.1061
1183,1,0.0005,0.2045,0.764,0.1595,3.3249,2.0525,0.0891
1184,1,0.0007,0.2045,0.6853,0.2093,3.2092,1.4193,0.0996
1185,1,0.0009,0.2045,0.7048,0.2286,3.1792,1.4849,0.0767
1186,1,0.0011,0.2045,0.6797,0.2259,3.2049,1.6383,0.0722
1187,1,0.0013,0.2045,0.6741,0.2314,3.139,1.3115,0.0652
1188,1,0.0015,0.2045,0.6631,0.2563,3.138,1.1449,0.078
1189,1,0.0017,0.2045,0.6671,0.2314,3.4453,2.6343,0.0533
1190,1,0.0019,0.2045,0.6741,0.2286,3.5654,3.7857,0.0471
1191,1,0.0021,0.2045,0.6691,0.2314,3.5816,3.3117,0.0246
1192,1,0.0023,0.2045,0.7028,0.2093,3.597,4.7794,0.0194
1193,1,0.0025,0.2045,0.684,0.2065,3.8531,7.5955,0.0184
1194,1,0.0027,0.2045,0.7196,0.1955,3.7084,6.6835,0.0241
1195,1,0.0029,0.2045,0.7021,0.2397,3.8054,7.5947,0.0229
1196,1,0.0031,0.2045,0.6708,0.2314,3.8122,6.0197,0.0243
1197,1,0.0033,0.2045,0.6843,0.1982,3.9712,7.7952,0.0208
1198,1,0.0035,0.2045,0.6905,0.2231,3.6721,5.7668,0.0233
1199,1,0.0037,0.2045,0.656,0.2314,3.7485,5.4976,0.0234
1200,1,0.0039,0.2045,0.7083,0.2148,3.7432,6.4345,0.0225
1201,1,0.0041,0.2045,0.6387,0.2314,3.6536,3.5883,0.0339
1202,1,0.0043,0.2045,0.6442,0.2452,3.9212,6.9097,0.0213
1203,1,0.0045,0.2045,0.6835,0.2397,3.6587,4.9461,0.0252
1204,1,0.0047,0.2045,0.6437,0.2231,4.0145,10.1736,0.0149
1205,1,0.0049,0.2045,0.6204,0.1982,3.8736,6.6871,0.0188
1206,1,0.0051,0.2045,0.6616,0.2204,3.6508,3.8362,0.0191
1207,1,0.0053,0.2045,0.6514,0.2121,3.7092,3.7,0.0224
1208,1,0.0055,0.2045,0.6379,0.1927,4.2721,20.3812,0.0108
1209,1,0.0057,0.2045,0.6402,0.2563,3.7581,5.8323,0.0133
1210,1,0.0059,0.2045,0.6723,0.2425,3.7366,7.4424,0.0082
1211,1,0.0061,0.2045,0.7013,0.1844,3.6347,7.3017,0.0197
1212,1,0.0063,0.2045,0.7372,0.1872,3.3207,4.5209,0.01
1213,1,0.0065,0.2045,0.692,0.1982,3.2103,3.0758,0.0162
1214,1,0.0067,0.2045,0.6748,0.2065,3.4761,4.765,0.058
1215,1,0.0069,0.2045,0.7116,0.1126,3.5739,5.4901,0.0342
1216,1,0.0071,0.2045,0.707,0.143,4.3306,22.2715,0.0092
1217,1,0.0073,0.2045,0.7748,0.096,3.3739,5.039,0.0154
1218,1,0.0075,0.2045,0.7471,0.143,3.4494,4.46,0.0152
1219,1,0.0077,0.2045,0.7445,0.2231,2.7067,0.9103,0.0447
1220,1,0.0079,0.2045,0.6985,0.2121,2.9787,1.3473,0.0336
1221,2,0.0003,0.2045,0.7594,0.1374,3.7732,5.5217,0.0667
1222,2,0.0005,0.2045,0.719,0.201,3.3434,2.2508,0.0863
1223,2,0.0007,0.2045,0.7144,0.2176,3.1751,1.8924,0.0746
1224,2,0.0009,0.2045,0.6919,0.248,3.2054,2.0403,0.0667
1225,2,0.0011,0.2045,0.6605,0.259,3.055,1.1174,0.0887
1226,2,0.0013,0.2045,0.6304,0.259,3.0164,0.8672,0.0945
1227,2,0.0015,0.2045,0.6597,0.2452,3.3392,2.359,0.0437
1228,2,0.0017,0.2045,0.6271,0.2618,3.5049,2.7302,0.0479
1229,2,0.0019,0.2045,0.6292,0.2673,3.6566,4.1113,0.0338
1230,2,0.0021,0.2045,0.6629,0.2314,3.6319,4.001,0.0409
1231,2,0.0023,0.2045,0.6581,0.2204,3.8342,6.1025,0.0324
1232,2,0.0025,0.2045,0.6935,0.2065,3.6755,5.0497,0.0274
1233,2,0.0027,0.2045,0.6801,0.2231,3.8702,9.025,0.0286
1234,2,0.0029,0.2045,0.669,0.2425,3.7778,5.8937,0.0389
1235,2,0.0031,0.2045,0.6723,0.2286,3.9636,8.9396,0.0264
1236,2,0.0033,0.2045,0.6755,0.2148,3.7779,5.6917,0.0265
1237,2,0.0035,0.2045,0.6574,0.2286,3.5944,3.9645,0.0242
1238,2,0.0037,0.2045,0.682,0.201,3.4459,3.2633,0.0316
1239,2,0.0039,0.2045,0.6475,0.2231,3.6622,4.7612,0.0219
1240,2,0.0041,0.2045,0.6571,0.2397,3.6525,4.6986,0.0187
1241,2,0.0043,0.2045,0.6523,0.248,3.8538,7.2439,0.0152
1242,2,0.0045,0.2045,0.618,0.2425,3.9576,6.5995,0.0136
1243,2,0.0047,0.2045,0.5979,0.2259,4.0384,9.7649,0.0291
1244,2,0.0049,0.2045,0.6616,0.1209,3.6836,5.3943,0.0611
1245,2,0.0051,0.2045,0.5625,0.1982,3.8347,3.7534,0.0916
1246,2,0.0053,0.2045,0.575,0.2839,3.773,2.1818,0.0229
1247,2,0.0055,0.2045,0.6536,0.1955,3.5277,4.17,0.0203
1248,2,0.0057,0.2045,0.6382,0.2065,3.664,4.5125,0.0227
1249,2,0.0059,0.2045,0.608,0.248,3.8786,5.2098,0.0143
1250,2,0.0061,0.2045,0.6572,0.2314,3.177,1.6184,0.0174
1251,2,0.0063,0.2045,0.6948,0.2673,3.3408,2.213,0.0195
1252,2,0.0065,0.2045,0.7689,0.2314,2.8136,0.8956,0.0206
1253,2,0.0067,0.2045,0.7714,0.1761,3.0595,1.7368,0.0179
1254,2,0.0069,0.2045,0.6414,0.1817,3.8564,7.6543,0.0149
1255,2,0.0071,0.2045,0.6359,0.1872,3.893,8.4954,0.0219
1256,2,0.0073,0.2045,0.6723,0.1236,4.2735,22.3146,0.0109
1257,2,0.0075,0.2045,0.6159,0.2342,3.4704,2.2296,0.0032
1258,2,0.0077,0.2045,0.6896,0.1844,3.2115,3.6614,0.0394
1259,3,0.0005,0.2045,0.8096,0.2148,2.7386,0.8405,0.0984
1260,3,0.0007,0.2045,0.7403,0.1899,2.7758,0.9377,0.1142
1261,3,0.0009,0.2045,0.7184,0.201,2.8133,0.9628,0.1173
1262,3,0.0011,0.2045,0.7005,0.2231,2.9775,1.5133,0.0944
1263,3,0.0013,0.2045,0.6796,0.2812,2.9025,0.8413,0.0932
1264,3,0.0015,0.2045,0.6562,0.2231,3.1212,1.3231,0.0648
1265,3,0.0017,0.2045,0.6606,0.2508,3.3423,2.6983,0.0536
1266,3,0.0019,0.2045,0.6556,0.2314,3.5936,4.04,0.0274
1267,3,0.0021,0.2045,0.6488,0.2508,3.6479,4.3746,0.0356
1268,3,0.0023,0.2045,0.6892,0.2286,3.4029,3.3144,0.0446
1269,3,0.0025,0.2045,0.6811,0.2176,3.7507,7.1533,0.0276
1270,3,0.0027,0.2045,0.6688,0.2121,3.8448,7.0535,0.0202
1271,3,0.0029,0.2045,0.6533,0.2204,4.0738,11.6153,0.018
1272,3,0.0031,0.2045,0.6769,0.1817,3.8163,8.3732,0.0253
1273,3,0.0033,0.2045,0.6747,0.2176,4.0908,16.0985,0.0171
1274,3,0.0035,0.2045,0.6595,0.1789,3.684,5.4437,0.0348
1275,3,0.0037,0.2045,0.6778,0.2038,3.5849,5.6662,0.0179
1276,3,0.0039,0.2045,0.6357,0.201,3.7889,5.8674,0.0214
1277,3,0.0041,0.2045,0.6795,0.1872,3.957,9.4458,0.0139
1278,3,0.0043,0.2045,0.6586,0.2065,3.9385,10.3727,0.0167
1279,3,0.0045,0.2045,0.6666,0.2121,3.9005,10.4019,0.0203
1280,3,0.0047,0.2045,0.6523,0.201,3.7363,6.4249,0.0337
1281,3,0.0049,0.2045,0.6951,0.1872,3.8355,8.7976,0.0209
1282,3,0.0051,0.2045,0.6581,0.1761,4.0861,13.6555,0.0068
1283,3,0.0055,0.2045,0.7002,0.1651,3.5453,4.5265,0.0437
1284,3,0.0057,0.2045,0.7536,0.1264,3.3266,3.3143,0.0327
1285,3,0.0059,0.2045,0.723,0.1927,3.3649,3.3579,0.0709
1286,3,0.0061,0.2045,0.6717,0.2259,3.3002,2.2451,0.0429
1287,3,0.0063,0.2045,0.7247,0.1347,2.8183,0.9732,0.1033
1288,3,0.0065,0.2045,0.8044,0.1402,1.9069,0.1359,0.2507
1289,3,0.0067,0.2045,0.7289,0.143,2.0272,0.1929,0.0668
1290,3,0.0069,0.2045,0.6754,0.1927,3.1105,1.902,0.0152
1291,3,0.0071,0.2045,0.6667,0.1982,3.8352,8.8847,0.0537
1292,3,0.0073,0.2045,0.681,0.1927,3.7051,7.0473,0.0282
1293,3,0.0075,0.2045,0.6765,0.1291,2.9584,1.439,0.0753
1294,3,0.0077,0.2045,0.6723,0.1291,3.1005,1.624,0.0728
1295,3,0.0079,0.2045,0.7698,0.1899,3.351,7.1908,0.0233
1296,3,0.0081,0.2045,0.6525,0.2314,4.5619,75.2821,0.0062
1297,3,0.0083,0.2045,0.699,0.1513,3.3335,4.3856,0.0136
1298,4,0.0003,0.2045,0.7995,0.1181,3.3846,2.1953,0.0656
1299,4,0.0005,0.2045,0.7557,0.1761,3.3553,3.6307,0.0442
1300,4,0.0007,0.2045,0.7056,0.2176,3.2108,2.4086,0.0591
1301,4,0.0009,0.2045,0.7166,0.1927,3.0479,1.574,0.0931
1302,4,0.0011,0.2045,0.6775,0.2286,3.0812,1.4649,0.0777
1303,4,0.0013,0.2045,0.6594,0.2314,3.1823,1.7285,0.0737
1304,4,0.0015,0.2045,0.6423,0.2508,3.1759,1.5462,0.0595
1305,4,0.0017,0.2045,0.6156,0.2535,3.2861,1.8346,0.0603
1306,4,0.0019,0.2045,0.6548,0.2204,3.6085,4.0442,0.0343
1307,4,0.0021,0.2045,0.6938,0.2397,3.5137,3.6115,0.0351
1308,4,0.0023,0.2045,0.7035,0.2121,3.6913,5.4748,0.0248
1309,4,0.0025,0.2045,0.7077,0.2286,3.8398,12.6083,0.0159
1310,4,0.0027,0.2045,0.699,0.2038,3.495,4.6341,0.0324
1311,4,0.0029,0.2045,0.7049,0.2038,3.4227,3.6167,0.0275
1312,4,0.0031,0.2045,0.6948,0.1899,3.485,3.6381,0.029
1313,4,0.0033,0.2045,0.6989,0.201,3.4192,3.4926,0.0305
1314,4,0.0035,0.2045,0.7062,0.201,3.5877,6.4006,0.0213
1315,4,0.0037,0.2045,0.6752,0.1955,3.5938,4.5511,0.0179
1316,4,0.0039,0.2045,0.6965,0.1789,3.6995,7.759,0.02
1317,4,0.0041,0.2045,0.6994,0.1927,3.8284,9.8235,0.0198
1318,4,0.0043,0.2045,0.6763,0.2121,3.8079,7.5659,0.0192
1319,4,0.0045,0.2045,0.6202,0.248,3.7814,4.5297,0.0296
1320,4,0.0047,0.2045,0.5723,0.2618,3.8359,3.7927,0.0231
1321,4,0.0049,0.2045,0.5986,0.2397,3.7852,5.0144,0.012
1322,4,0.0051,0.2045,0.6299,0.248,4.1024,15.2866,0.0072
1323,4,0.0053,0.2045,0.6299,0.2204,4.4371,31.2012,0.0165
1324,4,0.0055,0.2045,0.6472,0.2452,3.7254,4.6974,0.0496
1325,4,0.0057,0.2045,0.623,0.2425,4.0189,11.0644,0.0203
1326,4,0.0059,0.2045,0.6621,0.1209,3.9236,11.2064,0.02
1327,4,0.0061,0.2045,0.7203,0.1319,3.5645,5.568,0.0239
1328,4,0.0063,0.2045,0.6985,0.2038,2.8661,1.1373,0.046
1329,4,0.0065,0.2045,0.6766,0.1844,2.997,1.1527,0.105
1330,4,0.0067,0.2045,0.6992,0.1043,2.4034,0.2274,0.0936
1331,4,0.0069,0.2045,0.6344,0.1872,3.2637,1.9457,0.0215
1332,4,0.0071,0.2045,0.7358,0.2121,3.1816,3.2375,0.0107
1333,4,0.0073,0.2045,0.7589,0.1789,3.2525,3.5975,0.0184
1334,4,0.0075,0.2045,0.7405,0.1678,3.3878,4.3753,0.007
1335,4,0.0077,0.2045,0.7205,0.1678,3.1961,2.7171,0.0131
1336,4,0.0079,0.2045,0.7058,0.1678,2.8715,1.2558,0.0368
1337,4,0.0081,0.2045,0.7741,0.1844,2.715,1.1926,0.0343
1338,4,0.0089,0.2045,0.7055,0.1236,3.8248,15.0711,0.0099
1339,5,0.0003,0.2045,0.8484,0.1734,3.8346,4.8351,0.0128
1340,5,0.0005,0.2045,0.8199,0.201,3.2869,3.1954,0.0313
1341,5,0.0007,0.2045,0.7323,0.201,2.8316,0.7895,0.1001
1342,5,0.0009,0.2045,0.7214,0.2121,2.744,0.6569,0.1165
1343,5,0.0011,0.2045,0.6976,0.2397,2.8262,0.7203,0.0859
1344,5,0.0013,0.2045,0.6874,0.2397,2.9748,1.0044,0.0784
1345,5,0.0015,0.2045,0.6686,0.2259,3.0089,0.9469,0.0936
1346,5,0.0017,0.2045,0.6297,0.2397,3.1801,1.3271,0.0514
1347,5,0.0019,0.2045,0.6509,0.201,3.5685,3.2867,0.0367
1348,5,0.0021,0.2045,0.6656,0.2148,3.3935,2.3173,0.0456
1349,5,0.0023,0.2045,0.6381,0.201,3.5874,3.0875,0.0463
1350,5,0.0025,0.2045,0.7307,0.201,3.6942,6.4599,0.0248
1351,5,0.0027,0.2045,0.7177,0.1955,3.6674,6.805,0.0216
1352,5,0.0029,0.2045,0.6597,0.201,3.8647,6.5852,0.0258
1353,5,0.0031,0.2045,0.6656,0.2314,3.8349,7.8841,0.0275
1354,5,0.0033,0.2045,0.6939,0.2038,3.6763,5.781,0.036
1355,5,0.0035,0.2045,0.6617,0.2369,3.449,3.5598,0.0268
1356,5,0.0037,0.2045,0.6729,0.2176,3.4819,3.4547,0.0259
1357,5,0.0039,0.2045,0.6895,0.1899,3.6866,6.5817,0.0268
1358,5,0.0041,0.2045,0.6601,0.201,3.9534,10.1127,0.0213
1359,5,0.0043,0.2045,0.6657,0.2065,3.6188,4.2741,0.0344
1360,5,0.0045,0.2045,0.6419,0.201,3.562,3.4181,0.0296
1361,5,0.0047,0.2045,0.6425,0.2093,3.7286,4.8503,0.0236
1362,5,0.0049,0.2045,0.6603,0.1955,3.7505,5.3241,0.0271
1363,5,0.0051,0.2045,0.666,0.2121,3.6212,4.6512,0.0438
1364,5,0.0053,0.2045,0.647,0.2065,3.5486,3.0056,0.0414
1365,5,0.0055,0.2045,0.6707,0.1623,3.3616,3.1723,0.0564
1366,5,0.0057,0.2045,0.6822,0.1789,3.8927,10.1182,0.032
1367,5,0.0059,0.2045,0.6102,0.2176,3.7791,4.0012,0.0325
1368,5,0.0061,0.2045,0.682,0.1927,3.0246,1.3516,0.0602
1369,5,0.0063,0.2045,0.7255,0.1181,3.4352,4.2738,0.0604
1370,5,0.0065,0.2045,0.7273,0.0987,3.4819,4.7319,0.032
1371,5,0.0067,0.2045,0.7128,0.1761,3.6871,6.0584,0.0218
1372,5,0.0069,0.2045,0.748,0.2535,2.9325,1.7625,0.0388
1373,5,0.0071,0.2045,0.71,0.1927,3.6043,4.7802,0.0333
1374,5,0.0073,0.2045,0.6514,0.1457,3.6775,4.7285,0.0221
1375,5,0.0075,0.2045,0.6381,0.1319,3.0582,1.1718,0.0515
1376,5,0.0077,0.2045,0.7245,0.0987,2.7337,0.6111,0.0587
1377,5,0.0079,0.2045,0.7226,0.1209,2.8364,0.7765,0.0154
1378,5,0.0081,0.2045,0.7538,0.0269,3.2747,3.5214,0.0201
1379,5,0.0083,0.2045,0.7466,0.1817,3.0431,2.3917,0.0103
1380,5,0.0085,0.2045,0.7675,0.0739,2.9864,1.9864,0.1614
1381,5,0.0087,0.2045,0.7839,0.1568,3.0049,1.9128,0.0299
1382,5,0.0089,0.2045,0.7487,0.1927,3.1041,2.2081,0.0041
1383,1,0.0003,0.3245,0.8092,-0.0229,3.6334,2.7684,0.0888
1384,1,0.0005,0.3245,0.8007,0.1595,3.3446,1.9191,0.0896
1385,1,0.0007,0.3245,0.7535,0.1982,3.0972,0.973,0.1223
1386,1,0.0009,0.3245,0.7318,0.2342,3.0526,0.8759,0.1075
1387,1,0.0011,0.3245,0.7343,0.2397,3.1283,1.1062,0.0966
1388,1,0.0013,0.3245,0.7385,0.2231,3.1542,1.1593,0.1027
1389,1,0.0015,0.3245,0.7118,0.2535,3.2772,1.1517,0.0706
1390,1,0.0017,0.3245,0.6932,0.259,3.3847,1.2429,0.0682
1391,1,0.0019,0.3245,0.7044,0.2286,3.5034,1.6902,0.0604
1392,1,0.0021,0.3245,0.7137,0.2397,3.6864,2.6444,0.0383
1393,1,0.0023,0.3245,0.6839,0.2314,3.762,3.1335,0.0234
1394,1,0.0025,0.3245,0.7263,0.2038,3.9395,4.5669,0.0151
1395,1,0.0027,0.3245,0.737,0.2231,3.931,5.1623,0.0201
1396,1,0.0029,0.3245,0.7685,0.2176,3.8245,4.7918,0.0242
1397,1,0.0031,0.3245,0.7473,0.2452,3.9443,6.0108,0.0228
1398,1,0.0033,0.3245,0.7161,0.2342,4.0443,6.0258,0.0232
1399,1,0.0035,0.3245,0.724,0.1982,3.8804,4.6217,0.0269
1400,1,0.0037,0.3245,0.7171,0.2204,3.9685,6.5397,0.0182
1401,1,0.0039,0.3245,0.7294,0.2121,3.9256,6.2301,0.0194
1402,1,0.0041,0.3245,0.7548,0.2065,4.0042,7.9908,0.0182
1403,1,0.0043,0.3245,0.7073,0.2121,3.7752,4.0936,0.0269
1404,1,0.0045,0.3245,0.7049,0.2397,3.9273,5.3124,0.0217
1405,1,0.0047,0.3245,0.7549,0.2397,3.821,5.5329,0.0185
1406,1,0.0049,0.3245,0.6948,0.2148,3.9514,7.865,0.0131
1407,1,0.0051,0.3245,0.6489,0.1734,3.9015,5.5232,0.016
1408,1,0.0053,0.3245,0.7556,0.2148,3.5515,2.9783,0.0042
1409,1,0.0055,0.3245,0.7439,0.1982,3.9807,5.0266,0.015
1410,2,0.0003,0.3245,0.8984,0.0352,3.4259,3.9148,0.0808
1411,2,0.0005,0.3245,0.8054,0.143,3.2278,2.0906,0.1141
1412,2,0.0007,0.3245,0.7627,0.2121,2.9588,0.8562,0.1063
1413,2,0.0009,0.3245,0.7344,0.2342,3.0105,0.9311,0.1025
1414,2,0.0011,0.3245,0.71,0.2452,3.0764,0.9006,0.106
1415,2,0.0013,0.3245,0.7181,0.2425,3.1844,1.1065,0.0831
1416,2,0.0015,0.3245,0.7111,0.2425,3.2789,1.1785,0.0708
1417,2,0.0017,0.3245,0.6851,0.248,3.5487,1.9243,0.0494
1418,2,0.0019,0.3245,0.6752,0.2701,3.6925,2.4486,0.0377
1419,2,0.0021,0.3245,0.6761,0.2535,3.6622,2.2066,0.0444
1420,2,0.0023,0.3245,0.7021,0.2314,3.8068,3.4205,0.0338
1421,2,0.0025,0.3245,0.7116,0.2259,3.8279,3.5703,0.0342
1422,2,0.0027,0.3245,0.7212,0.2259,3.8837,4.9626,0.0227
1423,2,0.0029,0.3245,0.7225,0.2286,3.9798,6.1108,0.0282
1424,2,0.0031,0.3245,0.7086,0.2397,3.9089,4.7292,0.0418
1425,2,0.0033,0.3245,0.7157,0.2342,4.0149,6.0059,0.0278
1426,2,0.0035,0.3245,0.7176,0.2093,4.1151,8.0317,0.0179
1427,2,0.0037,0.3245,0.7153,0.2231,3.7623,3.5416,0.0271
1428,2,0.0039,0.3245,0.7434,0.2065,3.681,3.7053,0.0271
1429,2,0.0041,0.3245,0.6987,0.2204,3.7673,4.4778,0.02
1430,2,0.0043,0.3245,0.7379,0.2231,3.8715,6.0973,0.0129
1431,2,0.0045,0.3245,0.7198,0.2397,4.0349,7.0857,0.0166
1432,2,0.0047,0.3245,0.6683,0.2425,4.0886,8.1115,0.0082
1433,2,0.0049,0.3245,0.7165,0.0683,3.3587,2.497,0.0578
1434,2,0.0051,0.3245,0.753,0.0877,3.5155,2.6201,0.0189
1435,3,0.0003,0.3245,0.8595,0.0131,3.6673,4.3613,0.0932
1436,3,0.0005,0.3245,0.8135,0.1347,3.3236,3.032,0.0586
1437,3,0.0007,0.3245,0.7895,0.107,2.7944,0.9511,0.1194
1438,3,0.0009,0.3245,0.7539,0.1899,2.9181,1.0411,0.1293
1439,3,0.0011,0.3245,0.7513,0.2148,3.0401,1.2508,0.0989
1440,3,0.0013,0.3245,0.7094,0.2314,2.9293,0.6515,0.1558
1441,3,0.0015,0.3245,0.6805,0.2425,3.0924,0.7363,0.1007
1442,3,0.0017,0.3245,0.7045,0.2452,3.3546,1.4284,0.0557
1443,3,0.0019,0.3245,0.7111,0.2176,3.4094,1.9694,0.0666
1444,3,0.0021,0.3245,0.6872,0.2314,3.5953,2.0413,0.039
1445,3,0.0023,0.3245,0.7035,0.2397,3.707,3.2118,0.0349
1446,3,0.0025,0.3245,0.7205,0.2231,3.6564,3.2588,0.037
1447,3,0.0027,0.3245,0.7331,0.201,3.9566,7.3124,0.0264
1448,3,0.0029,0.3245,0.7168,0.2204,3.9012,5.1885,0.0242
1449,3,0.0031,0.3245,0.7178,0.2065,4.1233,9.3895,0.0193
1450,3,0.0033,0.3245,0.7083,0.1844,3.9498,7.1136,0.0263
1451,3,0.0035,0.3245,0.7188,0.2065,4.1264,10.6655,0.0219
1452,3,0.0037,0.3245,0.7194,0.1872,3.9585,7.2138,0.0244
1453,3,0.0039,0.3245,0.7388,0.1982,3.763,5.0796,0.0217
1454,3,0.0041,0.3245,0.6962,0.201,3.8537,4.8982,0.0199
1455,3,0.0043,0.3245,0.7193,0.1678,4.0567,8.9006,0.0158
1456,3,0.0045,0.3245,0.6989,0.2038,4.1766,11.1326,0.0127
1457,3,0.0047,0.3245,0.7131,0.2038,4.1513,14.3913,0.0143
1458,3,0.0049,0.3245,0.7559,0.1623,3.8415,7.4997,0.0313
1459,3,0.0051,0.3245,0.7663,0.1651,4.2091,16.0401,0.0116
1460,3,0.0053,0.3245,0.7491,0.1872,4.5456,27.6355,0.0039
1461,3,0.0057,0.3245,0.8152,0.1485,3.9811,11.1066,0.0281
1462,3,0.0059,0.3245,0.8458,0.1374,3.0713,1.8936,0.0178
1463,3,0.0061,0.3245,0.7956,0.1678,2.9398,0.6339,0.0256
1464,4,0.0003,0.3245,0.8407,0.0324,3.4798,3.4894,0.0795
1465,4,0.0005,0.3245,0.8209,0.1374,3.0985,1.75,0.0828
1466,4,0.0007,0.3245,0.7632,0.2121,3.1334,1.6097,0.0674
1467,4,0.0009,0.3245,0.7552,0.2204,3.0393,1.0565,0.1091
1468,4,0.0011,0.3245,0.7345,0.2148,3.0717,1.0634,0.0984
1469,4,0.0013,0.3245,0.7075,0.2259,3.2172,1.469,0.0773
1470,4,0.0015,0.3245,0.72,0.2176,3.2794,1.4831,0.0905
1471,4,0.0017,0.3245,0.7223,0.2259,3.5636,2.6932,0.0436
1472,4,0.0019,0.3245,0.7214,0.2176,3.546,2.3519,0.0583
1473,4,0.0021,0.3245,0.7094,0.2148,3.6935,3.0429,0.033
1474,4,0.0023,0.3245,0.738,0.2286,3.8662,4.5881,0.0318
1475,4,0.0025,0.3245,0.7324,0.2231,3.9881,6.6666,0.0168
1476,4,0.0027,0.3245,0.7438,0.2259,3.6736,4.0773,0.0273
1477,4,0.0029,0.3245,0.7302,0.2148,3.6749,3.8441,0.031
1478,4,0.0031,0.3245,0.7349,0.2065,3.9285,5.9262,0.0199
1479,4,0.0033,0.3245,0.7363,0.201,3.7491,3.9815,0.0229
1480,4,0.0035,0.3245,0.7341,0.201,3.9004,5.7083,0.0184
1481,4,0.0037,0.3245,0.7416,0.1982,3.9413,8.0847,0.0168
1482,4,0.0039,0.3245,0.7343,0.1927,3.7656,4.8193,0.0178
1483,4,0.0041,0.3245,0.7401,0.1817,3.8318,5.9635,0.0208
1484,4,0.0043,0.3245,0.7384,0.1955,4.0751,11.3481,0.0184
1485,4,0.0045,0.3245,0.7067,0.2148,4.09,9.2159,0.0132
1486,4,0.0047,0.3245,0.7067,0.2065,3.9147,5.684,0.0172
1487,4,0.0049,0.3245,0.6444,0.2535,4.0154,5.8995,0.0169
1488,4,0.0051,0.3245,0.6677,0.2093,4.3389,16.9952,0.0033
1489,4,0.0053,0.3245,0.7248,0.201,4.5302,34.4615,0.0026
1490,4,0.0057,0.3245,0.8122,0.1319,3.7352,5.1565,0.0757
1491,5,0.0003,0.3245,0.8123,0.154,3.2373,0.8358,0.02
1492,5,0.0005,0.3245,0.8059,0.1817,2.8958,0.8357,0.0684
1493,5,0.0007,0.3245,0.7631,0.2314,2.8706,0.6524,0.0927
1494,5,0.0009,0.3245,0.748,0.2231,2.7585,0.4718,0.1306
1495,5,0.0011,0.3245,0.7391,0.2231,2.8233,0.5252,0.1135
1496,5,0.0013,0.3245,0.7447,0.2259,3.0487,0.9821,0.0782
1497,5,0.0015,0.3245,0.713,0.2148,3.204,1.1393,0.0685
1498,5,0.0017,0.3245,0.6969,0.2342,3.2834,1.135,0.0575
1499,5,0.0019,0.3245,0.6842,0.2397,3.5489,1.7721,0.045
1500,5,0.0021,0.3245,0.6968,0.2176,3.7055,2.6588,0.0378
1501,5,0.0023,0.3245,0.7091,0.2259,3.5987,2.0151,0.0409
1502,5,0.0025,0.3245,0.6842,0.201,3.7529,3.0613,0.0288
1503,5,0.0027,0.3245,0.7593,0.1955,3.8131,5.7861,0.0237
1504,5,0.0029,0.3245,0.7418,0.1982,3.9997,7.6782,0.0191
1505,5,0.0031,0.3245,0.7108,0.2038,4.1237,7.8199,0.02
1506,5,0.0033,0.3245,0.7138,0.2176,4.0078,6.7574,0.025
1507,5,0.0035,0.3245,0.7271,0.2065,3.8941,5.46,0.0312
1508,5,0.0037,0.3245,0.7167,0.2148,3.8371,5.0887,0.0291
1509,5,0.0039,0.3245,0.7335,0.2093,3.7181,4.0462,0.0208
1510,5,0.0041,0.3245,0.7248,0.1927,3.8697,5.7126,0.0238
1511,5,0.0043,0.3245,0.725,0.1872,4.0321,9.9351,0.0188
1512,5,0.0045,0.3245,0.7398,0.1789,3.6485,4.1593,0.031
1513,5,0.0047,0.3245,0.7061,0.2038,3.8198,5.7596,0.0203
1514,5,0.0049,0.3245,0.704,0.1872,3.8278,5.1816,0.0242
1515,5,0.0051,0.3245,0.705,0.1872,3.862,4.9181,0.0227
1516,5,0.0053,0.3245,0.6917,0.154,3.9812,8.8942,0.0274
1517,5,0.0055,0.3245,0.6926,0.1706,3.3624,1.8726,0.0147
1518,5,0.0057,0.3245,0.7487,0.1623,3.395,2.1519,0.0216
1519,5,0.0059,0.3245,0.72,0.1982,2.7809,0.2565,0.0014
1520,1,0.0003,0.5145,0.86,-0.0643,3.4654,1.5937,0.0475
1521,1,0.0005,0.5145,0.8233,0.1789,3.2677,1.2092,0.1035
1522,1,0.0007,0.5145,0.8233,0.1982,3.0724,0.8244,0.1163
1523,1,0.0009,0.5145,0.8011,0.1651,2.9141,0.6188,0.1827
1524,1,0.0011,0.5145,0.7923,0.2065,3.0429,0.6693,0.1307
1525,1,0.0013,0.5145,0.7943,0.2065,3.2237,0.977,0.1021
1526,1,0.0015,0.5145,0.7959,0.2259,3.3305,1.0506,0.0873
1527,1,0.0017,0.5145,0.7771,0.2342,3.4348,1.0181,0.0626
1528,1,0.0019,0.5145,0.7663,0.2369,3.5888,1.2028,0.0524
1529,1,0.0021,0.5145,0.7715,0.2286,3.897,2.3331,0.0392
1530,1,0.0023,0.5145,0.7815,0.2286,4.0173,3.4852,0.0295
1531,1,0.0025,0.5145,0.7823,0.2259,4.0269,3.7279,0.0211
1532,1,0.0027,0.5145,0.7681,0.2204,4.1123,4.8075,0.0132
1533,1,0.0029,0.5145,0.7896,0.2148,4.0323,4.5264,0.0172
1534,1,0.0031,0.5145,0.7927,0.2038,3.7237,2.4942,0.0313
1535,1,0.0033,0.5145,0.7921,0.2314,3.9867,4.7142,0.0212
1536,1,0.0035,0.5145,0.7752,0.2176,4.2018,8.0546,0.0224
1537,1,0.0037,0.5145,0.8283,0.1374,3.5503,2.9056,0.0262
1538,1,0.0039,0.5145,0.7959,0.1899,3.5897,2.8488,0.0273
1539,1,0.0041,0.5145,0.7818,0.1844,4.0128,6.5826,0.0168
1540,1,0.0043,0.5145,0.8468,0.1513,4.0276,10.2287,0.0186
1541,2,0.0003,0.5145,0.9509,-0.0312,2.9927,1.4904,0.0631
1542,2,0.0005,0.5145,0.829,0.1264,3.1739,1.6559,0.1057
1543,2,0.0007,0.5145,0.8066,0.1568,2.9436,0.7146,0.1271
1544,2,0.0009,0.5145,0.8026,0.201,2.9375,0.6598,0.1421
1545,2,0.0011,0.5145,0.7907,0.2121,2.9301,0.5782,0.1363
1546,2,0.0013,0.5145,0.7801,0.2397,3.0919,0.5937,0.1087
1547,2,0.0015,0.5145,0.7811,0.2452,3.3609,0.8727,0.0632
1548,2,0.0017,0.5145,0.7743,0.2369,3.5198,1.1358,0.0547
1549,2,0.0019,0.5145,0.7651,0.2314,3.688,1.5989,0.045
1550,2,0.0021,0.5145,0.7529,0.248,3.8133,2.0419,0.0348
1551,2,0.0023,0.5145,0.7483,0.248,3.8534,2.1769,0.0297
1552,2,0.0025,0.5145,0.7542,0.2314,4.03,3.5461,0.0243
1553,2,0.0027,0.5145,0.7645,0.2176,3.9016,2.9992,0.0278
1554,2,0.0029,0.5145,0.7775,0.2065,4.1579,6.0979,0.0142
1555,2,0.0031,0.5145,0.7692,0.2148,3.981,4.1251,0.0262
1556,2,0.0033,0.5145,0.7798,0.1955,3.9773,5.4377,0.0398
1557,2,0.0035,0.5145,0.7805,0.2038,4.213,8.7901,0.0134
1558,2,0.0037,0.5145,0.7768,0.1927,4.3023,12.0532,0.0081
1559,2,0.0039,0.5145,0.7815,0.1513,3.8569,3.8272,0.0159
1560,2,0.0041,0.5145,0.9324,0.2065,3.5286,3.0088,0.0244
1561,3,0.0003,0.5145,0.853,-0.0643,3.2141,1.4941,0.1985
1562,3,0.0005,0.5145,0.8597,0.107,3.0574,1.2886,0.1178
1563,3,0.0007,0.5145,0.8247,0.1347,2.8543,0.7427,0.1248
1564,3,0.0009,0.5145,0.8171,0.154,2.6904,0.4907,0.181
1565,3,0.0011,0.5145,0.7788,0.2038,2.8446,0.3647,0.1602
1566,3,0.0013,0.5145,0.7901,0.2038,2.7036,0.2591,0.1989
1567,3,0.0015,0.5145,0.7778,0.2176,3.136,0.576,0.1086
1568,3,0.0017,0.5145,0.7659,0.2397,3.3946,0.8814,0.0677
1569,3,0.0019,0.5145,0.7738,0.2314,3.4944,1.0178,0.053
1570,3,0.0021,0.5145,0.7609,0.2231,3.6315,1.4226,0.0497
1571,3,0.0023,0.5145,0.7623,0.2425,3.6601,1.383,0.0387
1572,3,0.0025,0.5145,0.7633,0.2369,3.6636,1.7704,0.0314
1573,3,0.0027,0.5145,0.7774,0.2231,3.8282,2.7667,0.036
1574,3,0.0029,0.5145,0.7795,0.1955,3.9409,4.429,0.0433
1575,3,0.0031,0.5145,0.7694,0.201,4.013,4.4717,0.0227
1576,3,0.0033,0.5145,0.782,0.1872,4.18,9.3633,0.0123
1577,3,0.0035,0.5145,0.8059,0.1513,3.9712,6.7242,0.0255
1578,3,0.0037,0.5145,0.7887,0.2093,4.0747,9.6854,0.0356
1579,3,0.0039,0.5145,0.8057,0.1568,4.2558,13.5703,0.0273
1580,3,0.0041,0.5145,0.9092,0.1457,3.2037,1.1446,0.0337
1581,4,0.0003,0.5145,0.8357,0.0739,3.3229,1.3948,0.0582
1582,4,0.0005,0.5145,0.8034,0.2038,3.2167,1.1609,0.0714
1583,4,0.0007,0.5145,0.8018,0.2065,2.9974,0.6985,0.1215
1584,4,0.0009,0.5145,0.7873,0.1955,2.9986,0.7503,0.1234
1585,4,0.0011,0.5145,0.805,0.1623,3.0269,0.8056,0.139
1586,4,0.0013,0.5145,0.7978,0.1872,3.0746,0.8967,0.107
1587,4,0.0015,0.5145,0.7834,0.2093,3.3236,1.0453,0.0844
1588,4,0.0017,0.5145,0.7819,0.2121,3.4526,1.3178,0.0689
1589,4,0.0019,0.5145,0.7774,0.2204,3.6729,1.9154,0.0558
1590,4,0.0021,0.5145,0.7798,0.2148,3.8366,2.3888,0.0385
1591,4,0.0023,0.5145,0.776,0.2176,3.8932,2.8866,0.0322
1592,4,0.0025,0.5145,0.785,0.2176,3.9923,3.8131,0.0295
1593,4,0.0027,0.5145,0.8013,0.2204,3.784,2.6011,0.0326
1594,4,0.0029,0.5145,0.801,0.2314,3.8359,3.2471,0.02
1595,4,0.0031,0.5145,0.7872,0.2065,3.8757,3.8664,0.0248
1596,4,0.0033,0.5145,0.784,0.2231,3.8333,3.1329,0.0253
1597,4,0.0035,0.5145,0.7943,0.1955,3.8408,3.7582,0.0232
1598,4,0.0037,0.5145,0.8202,0.1706,4.0619,8.7696,0.0145
1599,4,0.0039,0.5145,0.8056,0.154,3.9148,6.1037,0.0208
1600,4,0.0041,0.5145,0.7937,0.1485,3.4175,1.6632,0.0282
1601,5,0.0005,0.5145,0.8356,0.1872,2.7793,0.4203,0.0869
1602,5,0.0007,0.5145,0.8211,0.2065,2.8063,0.4608,0.0998
1603,5,0.0009,0.5145,0.7974,0.2038,2.7882,0.4283,0.1514
1604,5,0.0011,0.5145,0.7938,0.1899,2.9315,0.5934,0.1185
1605,5,0.0013,0.5145,0.7907,0.2093,3.1581,0.8111,0.0884
1606,5,0.0015,0.5145,0.7854,0.2204,3.3842,1.1325,0.0584
1607,5,0.0017,0.5145,0.7717,0.2259,3.4539,1.0299,0.0539
1608,5,0.0019,0.5145,0.7581,0.2286,3.5987,1.3887,0.0456
1609,5,0.0021,0.5145,0.7595,0.2342,3.8408,2.2819,0.0296
1610,5,0.0023,0.5145,0.767,0.2286,4.0125,3.7243,0.0257
1611,5,0.0025,0.5145,0.7581,0.2065,3.8893,2.8686,0.0296
1612,5,0.0027,0.5145,0.7434,0.2093,3.9161,2.8923,0.0215
1613,5,0.0029,0.5145,0.807,0.2093,3.9902,4.9559,0.0169
1614,5,0.0031,0.5145,0.7944,0.2093,4.1689,7.5873,0.0162
1615,5,0.0033,0.5145,0.7696,0.2093,4.2538,9.1599,0.0152
1616,5,0.0035,0.5145,0.7754,0.1899,4.2836,12.8382,0.012
1617,5,0.0037,0.5145,0.7982,0.1872,3.7737,3.5735,0.0377
1618,5,0.0039,0.5145,0.8576,0.2231,3.5368,2.1971,0.0574
1619,5,0.0041,0.5145,0.849,0.1595,3.8192,5.6633,0.0088
1620,5,0.0043,0.5145,0.831,0.1568,3.7513,3.9567,0.0116
1621,1,0.0005,0.8155,0.8964,0.0711,3.4478,2.356,0.0549
1622,1,0.0007,0.8155,0.9073,0.1513,2.8565,0.5182,0.09
1623,1,0.0009,0.8155,0.8631,0.1402,2.7528,0.3977,0.1686
1624,1,0.0011,0.8155,0.8529,0.1513,2.8461,0.4623,0.1491
1625,1,0.0013,0.8155,0.8528,0.1817,3.0808,0.5192,0.1056
1626,1,0.0015,0.8155,0.8574,0.1982,3.2976,0.7054,0.0758
1627,1,0.0017,0.8155,0.8566,0.2121,3.4693,0.8603,0.0616
1628,1,0.0019,0.8155,0.8418,0.2176,3.5651,1.0117,0.0542
1629,1,0.0021,0.8155,0.8333,0.2286,3.7768,1.6123,0.0358
1630,1,0.0023,0.8155,0.8611,0.2038,3.9032,2.3882,0.0373
1631,1,0.0025,0.8155,0.8996,0.2121,4.1141,5.395,0.0085
1632,2,0.0005,0.8155,0.8658,0.1706,3.281,1.1069,0.0787
1633,2,0.0007,0.8155,0.8752,0.1291,2.8278,0.4837,0.1442
1634,2,0.0009,0.8155,0.8628,0.143,2.7593,0.3849,0.1498
1635,2,0.0011,0.8155,0.854,0.1734,2.8536,0.3685,0.1173
1636,2,0.0013,0.8155,0.8558,0.1927,3.0289,0.4313,0.0964
1637,2,0.0015,0.8155,0.8528,0.2065,3.1905,0.5198,0.0817
1638,2,0.0017,0.8155,0.8489,0.2259,3.5078,0.8885,0.0551
1639,2,0.0019,0.8155,0.8403,0.2231,3.6912,1.1995,0.0447
1640,2,0.0021,0.8155,0.8366,0.2148,3.7583,1.4411,0.042
1641,2,0.0023,0.8155,0.8101,0.2148,3.9882,2.5159,0.0361
1642,2,0.0025,0.8155,0.8245,0.2425,3.9445,2.0001,0.0108
1643,3,0.0007,0.8155,0.865,0.1374,2.8194,0.4513,0.1423
1644,3,0.0009,0.8155,0.8603,0.1513,2.7735,0.3353,0.1159
1645,3,0.0011,0.8155,0.8667,0.1651,2.8907,0.3523,0.1598
1646,3,0.0013,0.8155,0.863,0.1789,3.0789,0.4445,0.1143
1647,3,0.0015,0.8155,0.8464,0.1927,3.2126,0.5252,0.0954
1648,3,0.0017,0.8155,0.8438,0.2093,3.4204,0.7366,0.0638
1649,3,0.0019,0.8155,0.8239,0.2286,3.5432,0.9301,0.0433
1650,3,0.0021,0.8155,0.8225,0.2397,3.7596,1.4871,0.0372
1651,3,0.0023,0.8155,0.8352,0.1761,3.8659,2.9344,0.0513
1652,4,0.0003,0.8155,0.8535,0.107,3.741,3.8051,0.0177
1653,4,0.0005,0.8155,0.8644,0.1457,3.4945,1.9715,0.0414
1654,4,0.0007,0.8155,0.877,0.1706,2.7982,0.4601,0.1698
1655,4,0.0009,0.8155,0.8665,0.1623,2.6315,0.265,0.1671
1656,4,0.0011,0.8155,0.8633,0.1761,2.726,0.2647,0.1641
1657,4,0.0013,0.8155,0.8569,0.1761,2.986,0.4181,0.1175
1658,4,0.0015,0.8155,0.8576,0.1817,3.1895,0.6884,0.0863
1659,4,0.0017,0.8155,0.8513,0.1982,3.4915,1.1874,0.0529
1660,4,0.0019,0.8155,0.8411,0.2121,3.5509,1.0474,0.0529
1661,4,0.0021,0.8155,0.8221,0.2176,3.73,1.5919,0.0455
1662,4,0.0023,0.8155,0.8189,0.2065,3.94,2.2105,0.038
1663,4,0.0025,0.8155,0.8476,0.201,3.7972,2.0697,0.0199
1664,5,0.0005,0.8155,0.8277,0.143,2.7196,0.2914,0.1681
1665,5,0.0007,0.8155,0.8649,0.1568,2.8496,0.4565,0.1128
1666,5,0.0009,0.8155,0.865,0.1485,2.6869,0.2895,0.1305
1667,5,0.0011,0.8155,0.8604,0.1706,2.7988,0.3003,0.1225
1668,5,0.0013,0.8155,0.8554,0.1789,3.0451,0.4341,0.0842
1669,5,0.0015,0.8155,0.8556,0.1927,3.3951,0.844,0.0559
1670,5,0.0017,0.8155,0.8491,0.2065,3.6945,1.4853,0.0357
1671,5,0.0019,0.8155,0.8451,0.2093,3.7376,1.499,0.0322
1672,5,0.0021,0.8155,0.8212,0.2176,3.7864,1.6644,0.029
1673,5,0.0023,0.8155,0.8305,0.2038,3.8623,2.2726,0.0244
1674,5,0.0025,0.8155,0.83,0.1817,4.0323,3.6164,0.0344
